id,firstName,middleName,lastName,gender,birthDate,ssn,salary,country
1267751.0,Hester,Sherie,Bonome,F,1999-09-13T04:00:00.000+0000,943-76-3317,81098,CANADA
1267752.0,Shanae,Lucie,Ahlin,F,1980-02-13T05:00:00.000+0000,987-96-3819,87092,LONDON
1267753.0,Vasiliki,Candelaria,Gipps,F,1960-06-20T04:00:00.000+0000,987-24-9098,90477,LONDON
1267754.0,Sue,Alba,Gullefant,F,1978-10-14T04:00:00.000+0000,995-81-4875,95425,LONDON
1267755.0,Clemmie,Lisabeth,Clayfield,F,1990-09-30T04:00:00.000+0000,905-20-1783,65913,LONDON
1267756.0,Elza,Ayako,Boynton,F,1984-04-01T05:00:00.000+0000,935-85-5288,31122,USA
1267757.0,Berniece,Shelley,Cutler,F,1999-07-09T04:00:00.000+0000,980-55-6967,74981,LONDON
1267758.0,Gwyneth,Gilda,Futter,F,1983-07-08T04:00:00.000+0000,969-50-3671,104619,CANADA
1267759.0,Marine,Kayce,Irving,F,1963-06-07T04:00:00.000+0000,924-81-6464,68535,LONDON
1267760.0,Patience,Mellie,Goodanew,F,1957-07-19T04:00:00.000+0000,995-95-3098,104723,CANADA
1267761.0,Cayla,Vera,Copelli,F,1954-06-28T04:00:00.000+0000,929-64-5970,101834,USA
1267762.0,Ofelia,Cinthia,Crippes,F,1990-07-15T04:00:00.000+0000,902-38-2904,77080,CANADA
1267763.0,Lacy,Arleen,Ridger,F,1981-11-24T05:00:00.000+0000,991-72-5578,90613,CANADA
1267764.0,Danielle,Toni,Milmore,F,1974-08-25T04:00:00.000+0000,916-61-1099,83356,LONDON
1267765.0,Marketta,Lauri,Bischop,F,1965-06-13T04:00:00.000+0000,916-66-1869,62127,USA
1267766.0,Vanessa,Phuong,Degoy,F,1992-12-23T05:00:00.000+0000,925-80-1948,94407,USA
1267767.0,Suellen,Monique,Sorrel,F,1995-05-25T04:00:00.000+0000,998-86-1555,67360,CANADA
1267768.0,Jolynn,Yasmine,Brolechan,F,1996I -10-14T04:00:00.000+0000,985-91-3582,71750,CANADA
1267769.0,Andrea,Crystle,Perot,F,1996-10-09T04:00:00.000+0000,930-36-9133,60753,CANADA
1267770.0,Nyla,Louann,Dilleway,F,1962-08-01T04:00:00.000+0000,975-67-7366,71046,LONDON
1267771.0,Princess,Lanell,Clibbery,F,1991-04-24T04:00:00.000+0000,900-73-3264,65339,CANADA
1267772.0,Nancey,Letitia,Bartolijn,F,1991-01-17T05:00:00.000+0000,996-24-5037,86795,CANADA
1267773.0,Pura,Floy,Lanfranconi,F,1973-07-05T04:00:00.000+0000,908-23-8713,96424,LONDON
1267774.0,Emmy,Toshia,Pozzi,F,1980-04-02T05:00:00.000+0000,998-79-1576,57256,LONDON
1267775.0,Ruthie,Georgette,Magister,F,1991-09-06T04:00:00.000+0000,923-53-6910,70942,USA
1267776.0,Penelope,Felecia,Jarratt,F,1953-05-10T04:00:00.000+0000,954-83-8028,68287,USA
1267777.0,Sharan,Sonja,McMickan,F,1989-05-14T04:00:00.000+0000,982-26-6208,79178,CANADA
1267778.0,Tarsha,Dorris,Brunker,F,1973-03-26T05:00:00.000+0000,962-58-9493,80712,USA
1267779.0,Chassidy,Marcelle,Gaspero,F,1972-11-06T05:00:00.000+0000,930-67-7623,76790,LONDON
1267780.0,Cleopatra,Krystyna,Duny,F,1998-08-07T04:00:00.000+0000,912-80-9616,94797,USA
1267781.0,Cathrine,Shaniqua,Burchmore,F,1999-05-20T04:00:00.000+0000,984-53-2868,64114,CANADA
1267782.0,Ileen,Guillermina,McCrudden,F,1964-11-13T05:00:00.000+0000,972-66-9008,65530,USA
1267783.0,Flora,Lizzie,Heaney,F,1975-04-16T04:00:00.000+0000,931-43-7005,80070,USA
1267784.0,Cythia,Afton,Toffalo,F,1981-03-23T05:00:00.000+0000,912-69-6018,38300,LONDON
1267785.0,Dorothea,Carroll,Rogeon,F,1967-09-12T04:00:00.000+0000,911-89-7555,77983,CANADA
1267786.0,Earlene,Johnsie,Varren,F,1993-06-05T04:00:00.000+0000,929-26-1144,60104,LONDON
1267787.0,Dann,Donnie,Bridywater,F,1983-06-20T04:00:00.000+0000,999-85-9797,91397,USA
1267788.0,Merlene,Lawanda,Fehners,F,1959-10-28T05:00:00.000+0000,980-12-1395,73114,CANADA
1267789.0,Suk,Devona,Bagnell,F,1975-03-22T04:00:00.000+0000,960-50-6541,71762,USA
1267790.0,Adriana,Tonisha,Sallenger,F,1981-09-20T04:00:00.000+0000,900-32-5450,39946,USA
1267791.0,Eleonore,Philomena,Reavell,F,1985-06-09T04:00:00.000+0000,981-28-3659,96898,CANADA
1267792.0,Lisha,Ilse,Pealing,F,1993-06-18T04:00:00.000+0000,999-98-5749,56160,LONDON
1267793.0,Tiffiny,Danyel,Nusche,F,1997-10-27T05:00:00.000+0000,974-12-9832,63782,USA
1267794.0,Velia,Charlette,Santino,F,1956-06-02T04:00:00.000+0000,921-84-5545,84802,USA
1267795.0,Misty,Latrisha,Houlahan,F,1986-11-29T05:00:00.000+0000,923-22-9479,74201,USA
1267796.0,Nicolette,Dodie,Alyutin,F,1997-08-24T04:00:00.000+0000,942-25-5633,85867,USA
1267797.0,Carlee,Jestine,Kearney,F,1964-12-31T05:00:00.000+0000,938-25-6908,54607,CANADA
1267798.0,Celena,Rheba,Stancliffe,F,1957-05-13T04:00:00.000+0000,915-73-2020,120037,LONDON
1267799.0,Ossie,Monique,Edson,F,1959-06-23T04:00:00.000+0000,956-44-8523,65941,LONDON
1267800.0,Wanda,Lorene,Thirtle,F,1998-03-14T05:00:00.000+0000,906-57-3709,100707,USA
1267801.0,Erline,September,O'Dreain,F,1979-10-20T04:00:00.000+0000,991-41-6266,65428,LONDON
1267802.0,Aletha,Chieko,Ledekker,F,1966-02-11T05:00:00.000+0000,949-50-5179,67472,LONDON
1267803.0,Cierra,Jody,Labern,F,1972-04-14T05:00:00.000+0000,955-83-6540,91577,LONDON
1267804.0,Maryrose,Charmaine,Joerning,F,1983-03-15T05:00:00.000+0000,917-11-8391,89209,USA
1267805.0,Coral,Nelda,Blackmoor,F,1962-07-12T04:00:00.000+0000,930-60-7953,71964,USA
1267806.0,Tomasa,Jovan,Deny,F,1998-05-22T04:00:00.000+0000,930-70-6199,59807,CANADA
1267807.0,Remona,Kym,Ubach,F,1989-10-11T04:00:00.000+0000,906-37-5132,95842,CANADA
1267808.0,Jerilyn,Verla,Schenfisch,F,1970-01-12T05:00:00.000+0000,950-19-2765,88656,USA
1267809.0,Verla,Christine,Winteringham,F,1971-10-14T04:00:00.000+0000,994-24-7200,95110,CANADA
1267810.0,Leida,Kiersten,Filippone,F,1992-12-18T05:00:00.000+0000,943-28-8074,89399,CANADA
1267811.0,Adela,Rosanne,Klaussen,F,1960-04-08T05:00:00.000+0000,970-57-6370,69457,CANADA
1267812.0,Jolynn,Jenee,Redfield,F,1989-02-01T05:00:00.000+0000,974-77-8037,67409,LONDON
1267813.0,Cythia,Akiko,Lillico,F,1981-02-23T05:00:00.000+0000,943-66-6884,83146,LONDON
1267814.0,Bertha,Mica,Nolda,F,1999-03-22T05:00:00.000+0000,932-18-7568,52214,LONDON
1267815.0,Melynda,Terresa,Oldmeadow,F,1981-10-07T04:00:00.000+0000,955-23-6958,67543,CANADA
1267816.0,Telma,Vicki,Skeates,F,1975-08-05T04:00:00.000+0000,907-42-1529,37652,CANADA
1267817.0,Macie,Fleta,Arro,F,1956-07-25T04:00:00.000+0000,946-62-4093,106084,LONDON
1267818.0,Jacquelyn,Jodi,Herrema,F,1983-12-12T05:00:00.000+0000,921-92-3969,79707,LONDON
1267819.0,Sharlene,Teri,Peploe,F,1976-06-18T04:00:00.000+0000,955-69-5505,56931,CANADA
1267820.0,Yesenia,Spring,Broggini,F,1953-10-23T05:00:00.000+0000,922-72-2492,70180,LONDON
1267821.0,Desiree,Laurena,Swidenbank,F,1976-11-05T05:00:00.000+0000,982-79-9539,72521,LONDON
1267822.0,Tabatha,Merlene,Franseco,F,1976-01-18T05:00:00.000+0000,971-90-1247,92897,CANADA
1267823.0,Nanette,Anneliese,Wagg,F,1954-03-22T05:00:00.000+0000,930-64-7476,84002,CANADA
1267824.0,Williemae,Khadijah,Jellis,F,1970-12-08T05:00:00.000+0000,666-83-9035,41393,USA
1267825.0,Hedy,Cheree,Pinkstone,F,1972-04-13T05:00:00.000+0000,936-23-5912,75906,LONDON
1267826.0,Henriette,Alina,Mully,F,1954-03-28T05:00:00.000+0000,955-37-5761,43940,USA
1267827.0,Maurita,Lynell,MacCurtain,F,1980-04-23T05:00:00.000+0000,917-48-1259,58198,LONDON
1267828.0,Wesley,Nanette,Aron,F,1978-06-23T04:00:00.000+0000,968-13-5599,71091,USA
1267829.0,Vella,Wanda,Skein,F,1962-12-22T05:00:00.000+0000,914-35-3800,85096,CANADA
1267830.0,Magdalene,Shanon,Hartigan,F,1968-11-25T05:00:00.000+0000,932-23-4920,82362,CANADA
1267831.0,Jeannette,Roberta,Tomasicchio,F,1994-05-25T04:00:00.000+0000,951-77-5629,69778,USA
1267832.0,Reta,Rosie,Haggish,F,1987-04-08T04:00:00.000+0000,990-10-2819,67741,LONDON
1267833.0,Nakesha,Shyla,Oxteby,F,1987-06-10T04:00:00.000+0000,949-90-9130,89658,LONDON
1267834.0,Therese,Augusta,Raoul,F,1992-10-28T05:00:00.000+0000,963-49-9963,75184,LONDON
1267835.0,Earlene,Paris,McCook,F,1991-11-29T05:00:00.000+0000,917-82-7333,60868,LONDON
1267836.0,Cora,Loralee,Cooney,F,1999-10-11T04:00:00.000+0000,963-67-6929,55348,USA
1267837.0,Nita,Damaris,Lenham,F,1971-10-08T04:00:00.000+0000,902-73-6296,51512,USA
1267838.0,Joy,Abbey,Pelcheur,F,1959-03-07T05:00:00.000+0000,941-35-3853,91254,USA
1267839.0,Hannelore,Leontine,Shillington,F,1974-05-29T04:00:00.000+0000,910-91-1329,38730,USA
1267840.0,Mee,Shelli,Medcalfe,F,1994-06-28T04:00:00.000+0000,976-58-9578,65864,USA
1267841.0,Ruth,Rubi,De Quesne,F,1955-08-23T04:00:00.000+0000,906-84-6269,53184,LONDON
1267842.0,Hoa,Maudie,Noakes,F,1999-01-14T05:00:00.000+0000,954-47-7280,67160,CANADA
1267843.0,Drew,Ileana,Corpe,F,1994-03-23T05:00:00.000+0000,928-33-1318,63427,LONDON
1267844.0,Felecia,Deidre,Dalgleish,F,1954-11-15T05:00:00.000+0000,971-10-1445,65907,USA
1267845.0,Elois,Junie,Decent,F,1959-09-29T04:00:00.000+0000,980-77-3229,50642,CANADA
1267846.0,Ying,Dell,Realff,F,1985-02-07T05:00:00.000+0000,992-72-6914,111890,CANADA
1267847.0,Haydee,Mariel,Hutchens,F,1999-06-01T04:00:00.000+0000,909-22-5499,41263,LONDON
1267848.0,Doreatha,Crysta,Parrington,F,1981-09-06T04:00:00.000+0000,970-53-2418,61162,USA
1267849.0,Kathaleen,Ada,Gentry,F,1981-03-01T05:00:00.000+0000,962-73-1752,87299,LONDON
1267850.0,Lorene,Carlena,Sherringham,F,1993-06-20T04:00:00.000+0000,933-96-6919,104970,USA
1267851.0,Margene,Dorethea,Deware,F,1962-05-17T04:00:00.000+0000,992-37-3737,68537,USA
1267852.0,Elvera,Maisie,Josefovic,F,1964-05-27T04:00:00.000+0000,933-63-7589,68788,LONDON
1267853.0,Santana,Aletha,Jacqueminot,F,1979-03-03T05:00:00.000+0000,957-81-2661,71524,CANADA
1267854.0,Ciara,Alica,Rishworth,F,1968-04-07T05:00:00.000+0000,996-44-7012,52413,CANADA
1267855.0,Elvira,Zula,Pead,F,1977-01-24T05:00:00.000+0000,995-94-4702,90855,USA
1267856.0,Yasmine,Imogene,Wanstall,F,1997-02-05T05:00:00.000+0000,981-35-9784,75738,USA
1267857.0,Kayla,Annika,Corrie,F,1976-09-07T04:00:00.000+0000,986-80-5019,58138,LONDON
1267858.0,Chanelle,Loree,Suddock,F,1964-06-03T04:00:00.000+0000,971-70-6042,87111,USA
1267859.0,Mireille,Stasia,Pherps,F,1975-10-24T04:00:00.000+0000,954-87-3676,80152,LONDON
1267860.0,Beatriz,Linnie,Dobing,F,1982-06-13T04:00:00.000+0000,921-12-6513,66229,USA
1267861.0,Melissa,Jenelle,Kliche,F,1955-03-11T05:00:00.000+0000,991-40-1485,62298,USA
1267862.0,Monica,Blanca,Vivers,F,1967-10-31T05:00:00.000+0000,995-58-3273,51431,USA
1267863.0,Elodia,Lyndia,Ungerecht,F,1959-07-28T04:00:00.000+0000,907-97-3773,87395,USA
1267864.0,Delorse,Retta,Thomen,F,1962-05-19T04:00:00.000+0000,905-31-7996,106801,USA
1267865.0,Kelsi,Louann,Rosettini,F,1958-05-20T04:00:00.000+0000,944-35-4378,57297,USA
1267866.0,Carlota,Tasha,Smithe,F,1995-09-04T04:00:00.000+0000,924-77-1202,67117,USA
1267867.0,Margarita,Cammie,Brister,F,1972-01-13T05:00:00.000+0000,971-78-7837,59760,CANADA
1267868.0,Bev,Stacy,Ellum,F,1960-07-19T04:00:00.000+0000,986-29-7326,95090,USA
1267869.0,Jenelle,Candice,Parrish,F,1959-03-30T05:00:00.000+0000,942-30-5125,51324,USA
1267870.0,Adriene,Mariam,Collimore,F,1966-07-23T04:00:00.000+0000,962-92-3906,114334,CANADA
1267871.0,Lisha,Dayle,Mundall,F,1966-06-25T04:00:00.000+0000,933-60-7585,66595,CANADA
1267872.0,Shan,Adaline,Cabrara,F,1989-01-28T05:00:00.000+0000,929-34-2749,60751,CANADA
1267873.0,Jazmine,Cyrstal,Espada,F,1960-11-29T05:00:00.000+0000,937-32-5974,77036,USA
1267874.0,Daisy,Edwina,Shewen,F,1988-10-30T04:00:00.000+0000,914-72-8803,75208,CANADA
1267875.0,Kevin,Debrah,Wrenn,F,1978-05-22T04:00:00.000+0000,901-39-3023,76416,USA
1267876.0,Sunshine,Timika,Aylin,F,1969-12-19T05:00:00.000+0000,988-22-9024,73444,CANADA
1267877.0,Lawanna,Naomi,Pryn,F,1991-01-04T05:00:00.000+0000,989-48-3523,104812,CANADA
1267878.0,Neda,Aleida,Sarjent,F,1997-11-01T05:00:00.000+0000,930-63-2941,82324,USA
1267879.0,Merlene,Noelle,Belvin,F,1991-02-03T05:00:00.000+0000,938-97-5813,97557,LONDON
1267880.0,Claretta,Pauletta,Kempstone,F,1974-04-28T04:00:00.000+0000,935-38-4791,107084,CANADA
1267881.0,Flavia,Suzanna,Dyka,F,1996-04-06T05:00:00.000+0000,922-92-4648,58908,USA
1267882.0,Jacquline,Ayako,McEntee,F,1978-04-15T05:00:00.000+0000,940-85-5398,80672,USA
1267883.0,Nu,Jeannine,Kondratenko,F,1994-06-06T04:00:00.000+0000,954-20-4334,67495,USA
1267884.0,Lisandra,Shay,McPeake,F,1964-12-09T05:00:00.000+0000,969-75-5734,119634,CANADA
1267885.0,Lauretta,Lita,Eveleigh,F,1959-07-09T04:00:00.000+0000,968-25-8403,75808,CANADA
1267886.0,Leena,Betsy,Buckoke,F,1969-08-17T04:00:00.000+0000,910-15-3668,90950,USA
1267887.0,Corrinne,Vickie,Coulling,F,1992-03-24T05:00:00.000+0000,972-28-5707,57725,USA
1267888.0,Robbin,Debrah,Joicey,F,1952-07-20T04:00:00.000+0000,917-78-6011,84438,CANADA
1267889.0,Rosalyn,Yer,Borrows,F,1989-10-24T04:00:00.000+0000,941-24-7897,72382,LONDON
1267890.0,Ellena,Leona,Noury,F,1984-03-31T05:00:00.000+0000,902-24-3421,125325,CANADA
1267891.0,Chelsie,Vinita,Crocetto,F,1998-11-27T05:00:00.000+0000,969-19-7792,70819,LONDON
1267892.0,Lulu,Britteny,Fehners,F,1954-09-25T04:00:00.000+0000,935-94-8654,70283,LONDON
1267893.0,Leora,Bronwyn,Stallworthy,F,1990-11-19T05:00:00.000+0000,942-56-1404,26154,USA
1267894.0,Sari,Tonette,Stimson,F,1960-01-20T05:00:00.000+0000,901-25-6530,41980,USA
1267895.0,Arcelia,Adaline,Bulger,F,1970-04-30T04:00:00.000+0000,982-11-6576,55963,CANADA
1267896.0,Ione,Vella,Whitman,F,1956-03-22T05:00:00.000+0000,913-88-9087,65432,USA
1267897.0,Shelia,Marchelle,Wilsher,F,1953-04-14T05:00:00.000+0000,924-27-7597,85318,USA
1267898.0,Margert,Mildred,Britch,F,1992-02-10T05:00:00.000+0000,931-31-2640,95754,USA
1267899.0,Kristian,Neely,Bartlam,F,1960-02-19T05:00:00.000+0000,950-57-1684,66208,LONDON
1267900.0,Betsey,Melisa,Heinzler,F,1998-04-19T04:00:00.000+0000,935-98-7157,109641,CANADA
1267901.0,Leonia,Jasmine,Scholtz,F,1986-03-06T05:00:00.000+0000,954-96-9906,78680,CANADA
1267902.0,Grace,Armandina,Driutti,F,1960-11-01T05:00:00.000+0000,994-31-6838,73435,USA
1267903.0,Enedina,Willodean,Bringloe,F,1977-02-10T05:00:00.000+0000,966-21-8558,59282,LONDON
1267904.0,Kam,Desire,Spinella,F,1993-06-14T04:00:00.000+0000,925-23-9167,51121,CANADA
1267905.0,Ema,Marisol,Brotherhood,F,1966-01-10T05:00:00.000+0000,666-56-9966,25191,USA
1267906.0,Melany,Ozell,Garr,F,1954-05-21T04:00:00.000+0000,966-70-2453,72057,LONDON
1267907.0,Jeanelle,Christi,Haverty,F,1969-09-04T04:00:00.000+0000,989-54-6190,103777,USA
1267908.0,Merle,Machelle,Osbaldeston,F,1986-01-06T05:00:00.000+0000,666-17-6147,45341,USA
1267909.0,Tanika,Jessenia,McMaster,F,1968-05-11T04:00:00.000+0000,981-21-5465,61663,CANADA
1267910.0,Trang,Dominique,Caps,F,1968-11-22T05:00:00.000+0000,960-47-1945,110579,USA
1267911.0,Elizebeth,Jerrica,Kemetz,F,1993-09-01T04:00:00.000+0000,939-44-2529,113932,LONDON
1267912.0,Georgeann,Valery,Pierpoint,F,1996-12-24T05:00:00.000+0000,910-63-9805,60393,CANADA
1267913.0,Luciana,Angella,Weldrake,F,1964-06-12T04:00:00.000+0000,984-90-3413,58491,LONDON
1267914.0,Pearlie,Edris,Yarn,F,1974-12-27T05:00:00.000+0000,995-46-4348,57861,LONDON
1267915.0,Trina,Aurea,Secrett,F,1957-05-08T04:00:00.000+0000,985-89-3288,73310,USA
1267916.0,Rikki,Darci,Shillinglaw,F,1993-06-25T04:00:00.000+0000,936-17-4313,96262,LONDON
1267917.0,Leonia,Myrle,Bourdis,F,1991-02-10T05:00:00.000+0000,968-88-9630,106176,LONDON
1267918.0,Elnora,Mozell,Loving,F,1987-03-24T05:00:00.000+0000,944-98-3544,85614,CANADA
1267919.0,Kris,Annetta,Fenning,F,1992-07-08T04:00:00.000+0000,971-40-8440,84317,LONDON
1267920.0,Ranee,Wilhelmina,Cowlin,F,1973-07-19T04:00:00.000+0000,952-11-6339,66798,LONDON
1267921.0,Fransisca,Torrie,Jiggen,F,1985-04-03T05:00:00.000+0000,971-48-3093,85668,LONDON
1267922.0,Laurinda,Lucina,Livsey,F,1981-05-06T04:00:00.000+0000,954-34-5340,59867,LONDON
1267923.0,Lizbeth,Juana,Sukbhans,F,1974-05-03T04:00:00.000+0000,988-23-7670,55375,LONDON
1267924.0,Kerrie,Megan,Pretor,F,1997-09-24T04:00:00.000+0000,952-10-8774,67175,CANADA
1267925.0,Marry,Lakita,Jancik,F,1988-06-27T04:00:00.000+0000,902-56-6083,45047,CANADA
1267926.0,Joetta,Slyvia,Reary,F,1963-01-11T05:00:00.000+0000,903-74-8404,101408,LONDON
1267927.0,Sharen,Beckie,Lacasa,F,1979-06-30T04:00:00.000+0000,935-11-3097,37187,USA
1267928.0,Winter,Aracelis,Vannacci,F,1975-06-24T04:00:00.000+0000,958-45-5699,74476,CANADA
1267929.0,Yun,Wai,Farmloe,F,1986-07-06T04:00:00.000+0000,910-30-3747,31856,USA
1267930.0,Nila,Sheree,Lutwidge,F,1968-12-15T05:00:00.000+0000,981-27-3421,94420,LONDON
1267931.0,Pam,Clare,Bonnier,F,1962-05-29T04:00:00.000+0000,932-33-2659,87471,LONDON
1267932.0,Shandi,Candis,Snozzwell,F,1953-06-17T04:00:00.000+0000,965-19-7324,73709,USA
1267933.0,Marybelle,Marci,Fountian,F,1989-02-25T05:00:00.000+0000,997-76-3617,78335,LONDON
1267934.0,Rebbecca,Micheal,Rozec,F,1993-08-05T04:00:00.000+0000,914-66-4249,82346,USA
1267935.0,Elia,Astrid,Dod,F,1959-05-18T04:00:00.000+0000,925-62-4348,46975,CANADA
1267936.0,Eliza,Cinderella,Frean,F,1981-06-06T04:00:00.000+0000,922-53-2059,66952,USA
1267937.0,Jone,Eleonore,Pullinger,F,1958-10-17T04:00:00.000+0000,941-35-7537,52706,CANADA
1267938.0,Deana,Kacey,Prydden,F,1978-06-13T04:00:00.000+0000,900-65-9440,114707,CANADA
1267939.0,Serita,Annalee,Gillogley,F,1983-10-20T04:00:00.000+0000,964-29-1679,90057,LONDON
1267940.0,Marcene,Guillermina,Stowers,F,1997-04-04T05:00:00.000+0000,941-39-8803,41159,LONDON
1267941.0,Albina,Irina,Scaplehorn,F,1989-04-19T04:00:00.000+0000,975-48-6980,50306,USA
1267942.0,Jene,Eloise,Stainer,F,1996-02-23T05:00:00.000+0000,991-56-4341,62888,LONDON
1267943.0,Cruz,Cristina,Huthart,F,1952-07-17T04:00:00.000+0000,958-66-3569,97614,CANADA
1267944.0,Ashely,Jewel,Boutell,F,1970-06-28T04:00:00.000+0000,906-25-4373,93050,LONDON
1267945.0,Particia,Susannah,Ricardin,F,1970-07-23T04:00:00.000+0000,992-36-9471,64934,CANADA
1267946.0,Sharan,Bibi,Call,F,1987-01-28T05:00:00.000+0000,993-62-1548,70527,CANADA
1267947.0,Maxima,Glenda,Haugeh,F,1968-09-21T04:00:00.000+0000,991-18-3034,59980,USA
1267948.0,Ronna,Talisha,Arp,F,1954-08-02T04:00:00.000+0000,957-44-4184,61887,LONDON
1267949.0,Elin,Kym,Lambillion,F,1979-07-21T04:00:00.000+0000,946-32-6999,91354,CANADA
1267950.0,Corrie,Evangelina,Florentine,F,1963-05-25T04:00:00.000+0000,979-47-7507,57184,CANADA
1267951.0,Charisse,Bonny,Stile,F,1964-08-26T04:00:00.000+0000,942-60-7436,57907,LONDON
1267952.0,Kelsey,Jeneva,Rookes,F,1991-07-22T04:00:00.000+0000,919-20-2167,56545,LONDON
1267953.0,Lorean,Niesha,Yewman,F,1967-01-22T05:00:00.000+0000,994-94-8513,73960,CANADA
1267954.0,Laraine,Elisa,Depka,F,1962-05-09T04:00:00.000+0000,930-54-6498,78442,LONDON
1267955.0,Leota,Tamekia,Cisson,F,1980-06-01T04:00:00.000+0000,989-64-6823,52284,LONDON
1267956.0,Clotilde,Marcy,Burde,F,1957-10-13T04:00:00.000+0000,957-66-7385,54519,LONDON
1267957.0,Nellie,Deane,Winkell,F,1954-08-08T04:00:00.000+0000,904-35-8417,78328,CANADA
1267958.0,Asuncion,Madelaine,Lauks,F,1977-02-17T05:00:00.000+0000,930-49-3151,60223,CANADA
1267959.0,Bernita,Concha,Pinch,F,1970-09-29T04:00:00.000+0000,994-15-8977,80891,LONDON
1267960.0,Johnsie,Camila,Clemes,F,1957-08-10T04:00:00.000+0000,941-10-3767,35105,LONDON
1267961.0,Britteny,Willie,Bibey,F,1978-05-31T04:00:00.000+0000,930-60-3290,83342,CANADA
1267962.0,Alice,Ellena,Entreis,F,1974-08-01T04:00:00.000+0000,961-65-7814,102765,LONDON
1267963.0,Rosanne,Marilu,Polendine,F,1967-02-08T05:00:00.000+0000,911-24-8700,71330,USA
1267964.0,Tamekia,Traci,Allcoat,F,1967-07-05T04:00:00.000+0000,961-41-9927,44013,LONDON
1267965.0,Kerstin,Tilda,Langdridge,F,1977-01-10T05:00:00.000+0000,915-84-2455,42327,LONDON
1267966.0,Caitlyn,Lauri,Bulfit,F,1972-07-15T04:00:00.000+0000,972-84-9280,71815,USA
1267967.0,Carolynn,Jonell,Friman,F,1984-03-03T05:00:00.000+0000,989-86-1490,115472,USA
1267968.0,Clarine,Dia,Spickett,F,1960-07-10T04:00:00.000+0000,924-63-8981,79744,LONDON
1267969.0,Isobel,Bobbye,Berkelay,F,1973-05-10T04:00:00.000+0000,908-11-1503,59117,USA
1267970.0,Becky,Mirella,Youens,F,1984-05-03T04:00:00.000+0000,928-52-6525,85737,LONDON
1267971.0,Mathilda,Meridith,Idill,F,1989-05-29T04:00:00.000+0000,906-48-7357,78559,CANADA
1267972.0,Bryanna,Giovanna,Cattemull,F,1979-12-28T05:00:00.000+0000,938-23-8882,77814,USA
1267973.0,Elanor,Kami,Ca,F,1992-06-12T04:00:00.000+0000,904-43-4502,85940,CANADA
1267974.0,Ursula,Mazie,Glandon,F,1968-06-14T04:00:00.000+0000,998-34-2947,71212,USA
1267975.0,Shannon,Pat,Birwhistle,F,1994-05-28T04:00:00.000+0000,929-38-3151,69131,USA
1267976.0,Hettie,Carina,Corfield,F,1980-01-29T05:00:00.000+0000,974-17-7456,46287,CANADA
1267977.0,Dedra,Dann,Frearson,F,1955-11-21T05:00:00.000+0000,948-80-4477,25202,CANADA
1267978.0,Christine,Jalisa,Hattigan,F,1999-02-14T05:00:00.000+0000,942-45-6032,99661,CANADA
1267979.0,Terina,Socorro,Lewisham,F,1996-06-24T04:00:00.000+0000,908-60-5588,40705,USA
1267980.0,Isidra,Marcie,Coonihan,F,1958-07-25T04:00:00.000+0000,972-65-8678,53318,USA
1267981.0,Genia,Nicolette,Emeny,F,1993-04-16T04:00:00.000+0000,928-72-8251,79556,LONDON
1267982.0,Maxine,Arielle,Tofanelli,F,1983-07-03T04:00:00.000+0000,989-32-4550,73823,LONDON
1267983.0,Tula,Mila,O'Duane,F,1954-07-02T04:00:00.000+0000,913-67-2807,77682,CANADA
1267984.0,Mindi,Caridad,Scamwell,F,1985-07-25T04:00:00.000+0000,918-55-2781,71072,USA
1267985.0,Lili,Amberly,Gambie,F,1974-02-20T04:00:00.000+0000,907-30-1154,93726,USA
1267986.0,Maribeth,Berniece,Matteucci,F,1991-10-17T04:00:00.000+0000,908-88-5136,96041,LONDON
1267987.0,Shea,Song,Crohan,F,1960-12-03T05:00:00.000+0000,942-72-4480,40617,CANADA
1267988.0,Lacey,Jeanetta,Bogue,F,1969-08-22T04:00:00.000+0000,909-49-1475,73591,USA
1267989.0,Elna,Sun,Dennerly,F,1957-10-28T05:00:00.000+0000,972-61-9668,65604,CANADA
1267990.0,Eugenia,Alyssa,Trask,F,1952-07-21T04:00:00.000+0000,926-95-1437,96627,LONDON
1267991.0,Marta,Sueann,Capponeer,F,1978-03-11T05:00:00.000+0000,988-50-1730,62877,LONDON
1267992.0,Sherril,Karol,Woodall,F,1980-05-24T04:00:00.000+0000,986-96-4420,65849,LONDON
1267993.0,Jade,Herlinda,Dornan,F,1959-10-01T04:00:00.000+0000,955-56-7491,66306,LONDON
1267994.0,Joette,Dixie,Yard,F,1956-04-05T05:00:00.000+0000,923-75-9054,119319,USA
1267995.0,Phung,Nell,Brimming,F,1966-09-20T04:00:00.000+0000,960-93-4039,100810,USA
1267996.0,Rufina,Hoa,Grundon,F,1967-01-28T05:00:00.000+0000,975-87-6249,50077,USA
1267997.0,Beryl,Blanch,Ronald,F,1968-02-06T05:00:00.000+0000,908-52-6987,86960,USA
1267998.0,Rochelle,Henrietta,Jackalin,F,1977-04-13T05:00:00.000+0000,923-66-4342,98911,CANADA
1267999.0,Heike,Robyn,Hadingham,F,1996-06-17T04:00:00.000+0000,959-71-2247,96411,USA
1268000.0,Dorinda,Marilynn,Warrior,F,1968-02-26T05:00:00.000+0000,918-53-2107,71728,CANADA
1268001.0,Carmela,Abigail,Jarratt,F,1998-11-08T05:00:00.000+0000,913-97-5603,91415,LONDON
1268002.0,Garnet,Maud,Marshall,F,1997-08-08T04:00:00.000+0000,915-57-9149,48732,CANADA
1268003.0,Violette,Sheridan,Soaper,F,1985-03-13T05:00:00.000+0000,901-59-6819,91526,USA
1268004.0,Vanda,Retta,Silversmidt,F,1986-01-21T05:00:00.000+0000,944-69-8040,68960,USA
1268005.0,Rossana,Marquita,Purton,F,1977-12-29T05:00:00.000+0000,948-40-1977,67595,CANADA
1268006.0,India,Bronwyn,Osgodby,F,1977-02-09T05:00:00.000+0000,921-77-8265,75788,USA
1268007.0,Vicenta,Akiko,Massimi,F,1987-07-04T04:00:00.000+0000,969-66-4935,84539,USA
1268008.0,Trudy,Dusti,Spileman,F,1963-10-31T05:00:00.000+0000,964-34-9205,101575,LONDON
1268009.0,Kandace,Chantay,Gregs,F,1975-05-30T04:00:00.000+0000,950-56-3729,68124,USA
1268010.0,Lilli,Jettie,Castrillo,F,1978-01-23T05:00:00.000+0000,959-48-3386,69184,LONDON
1268011.0,Glayds,Pauletta,Judd,F,1992-02-01T05:00:00.000+0000,942-41-3544,81304,LONDON
1268012.0,Felicia,Mireille,Ballentime,F,1999-09-20T04:00:00.000+0000,905-59-3462,56191,CANADA
1268013.0,Margret,Melania,Kittredge,F,1968-11-26T05:00:00.000+0000,944-52-2922,78510,CANADA
1268014.0,Mana,Romana,Iacofo,F,1959-12-26T05:00:00.000+0000,938-13-9920,91271,LONDON
1268015.0,Leia,Caren,Mynard,F,1988-10-10T04:00:00.000+0000,989-36-1966,33883,CANADA
1268016.0,Etha,Julianne,Gerrill,F,1958-09-04T04:00:00.000+0000,946-74-4095,61767,LONDON
1268017.0,Rebekah,Jenice,Grzes,F,1997-09-28T04:00:00.000+0000,997-76-3655,89073,CANADA
1268018.0,Audria,Karey,Smithies,F,1977-06-27T04:00:00.000+0000,932-49-4337,92511,LONDON
1268019.0,Fawn,Tessa,Bevans,F,1956-06-20T04:00:00.000+0000,974-97-2453,65508,CANADA
1268020.0,Quinn,Latesha,Melton,F,1987-10-23T04:00:00.000+0000,910-30-6356,85687,USA
1268021.0,Madaline,Gary,Curm,F,1965-09-06T04:00:00.000+0000,927-22-7034,80047,USA
1268022.0,Porsha,Corinna,Thickpenny,F,1996-06-17T04:00:00.000+0000,952-77-9321,88730,CANADA
1268023.0,Nicky,Winter,Romney,F,1984-11-13T05:00:00.000+0000,947-48-7301,70845,LONDON
1268024.0,Alia,Opal,Havard,F,1994-01-21T05:00:00.000+0000,968-19-4400,60306,USA
1268025.0,Ammie,Darleen,Messer,F,1974-05-23T04:00:00.000+0000,962-77-7121,103115,LONDON
1268026.0,Colette,Kasi,Schule,F,1995-09-13T04:00:00.000+0000,909-93-3071,124228,LONDON
1268027.0,Fredia,Lady,Mosconi,F,1990-05-07T04:00:00.000+0000,900-42-8922,77824,LONDON
1268028.0,Adelaida,Doloris,Orviss,F,1952-02-24T05:00:00.000+0000,960-69-3331,56533,USA
1268029.0,Natalia,Laree,Lukianov,F,1999-07-22T04:00:00.000+0000,962-42-4291,105874,CANADA
1268030.0,Pauletta,Lorrie,Hallatt,F,1970-09-17T04:00:00.000+0000,932-38-4525,108017,USA
1268031.0,Fumiko,Lawana,Gradley,F,1961-09-14T04:00:00.000+0000,666-10-8034,73536,USA
1268032.0,Queenie,Jaime,Schoular,F,1970-12-28T05:00:00.000+0000,967-44-6225,61423,LONDON
1268033.0,Charlena,Mitzi,Kerne,F,1961-01-28T05:00:00.000+0000,969-34-7668,33884,CANADA
1268034.0,Sage,Kenna,Valiant,F,1997-12-19T05:00:00.000+0000,944-78-8024,83737,LONDON
1268035.0,Tiera,Hildred,Guirau,F,1957-08-23T04:00:00.000+0000,937-31-8953,87754,USA
1268036.0,In,Thomasina,Tabner,F,1960-11-20T05:00:00.000+0000,935-14-7402,74790,USA
1268037.0,Kyla,Angie,Spafford,F,1999-04-30T04:00:00.000+0000,960-46-1858,86477,LONDON
1268038.0,Mariella,Krystle,Vondrasek,F,1954-05-19T04:00:00.000+0000,666-80-3067,67428,USA
1268039.0,Nereida,Christeen,Whitchurch,F,1997-09-24T04:00:00.000+0000,911-80-2728,57594,CANADA
1268040.0,Chau,Haydee,Dracksford,F,1952-09-17T04:00:00.000+0000,936-60-3525,91358,CANADA
1268041.0,Sunday,Dell,Kernock,F,1983-11-26T05:00:00.000+0000,982-87-1755,38327,CANADA
1268042.0,Celena,Sherry,Hackett,F,1954-06-19T04:00:00.000+0000,973-19-6735,81578,LONDON
1268043.0,Delfina,Lorina,Tremayne,F,1986-11-04T05:00:00.000+0000,989-46-8793,78537,CANADA
1268044.0,Deborah,Thao,Saddler,F,1996-02-14T05:00:00.000+0000,930-47-7526,70451,CANADA
1268045.0,Ernestina,Epifania,Jaouen,F,1952-10-20T05:00:00.000+0000,960-24-7345,18424,LONDON
1268046.0,Leonida,Yevette,Cain,F,1999-11-12T05:00:00.000+0000,946-36-7270,53633,USA
1268047.0,Laila,Juliette,Glanert,F,1965-10-18T04:00:00.000+0000,983-58-3756,26064,CANADA
1268048.0,Jene,Lindsey,Satchell,F,1990-10-14T04:00:00.000+0000,993-21-3209,101161,CANADA
1268049.0,Dania,Era,Skittreal,F,1990-07-20T04:00:00.000+0000,926-41-1174,34193,LONDON
1268050.0,Sherrie,Olene,Pollak,F,1956-03-11T05:00:00.000+0000,947-55-3859,104962,CANADA
1268051.0,Tiara,Lindsy,Cord,F,1979-08-26T04:00:00.000+0000,928-86-8991,79104,USA
1268052.0,Mariella,Kenia,Havock,F,1996-04-09T04:00:00.000+0000,906-53-2971,83155,USA
1268053.0,Molly,Kali,Audiss,F,1968-06-19T04:00:00.000+0000,954-34-7795,46271,LONDON
1268054.0,Catrice,Felicita,Dumbreck,F,1966-05-04T04:00:00.000+0000,949-93-4275,45575,CANADA
1268055.0,Stepanie,Laraine,Filppetti,F,1965-05-27T04:00:00.000+0000,969-48-8360,59445,CANADA
1268056.0,Jadwiga,Sherilyn,Keilloh,F,1968-04-20T05:00:00.000+0000,919-73-2926,82553,CANADA
1268057.0,Daine,Vella,Ledrane,F,1994-12-23T05:00:00.000+0000,901-18-9036,38434,USA
1268058.0,Rosaura,Blair,Garfirth,F,1952-11-04T05:00:00.000+0000,925-63-1336,86305,USA
1268059.0,Sean,Marcelle,Bastide,F,1975-08-28T04:00:00.000+0000,967-78-2889,80765,CANADA
1268060.0,Shonda,Tamekia,Phetteplace,F,1993-11-09T05:00:00.000+0000,938-69-4264,102383,USA
1268061.0,Sherie,Dania,Ping,F,1989-11-30T05:00:00.000+0000,914-24-9097,85203,LONDON
1268062.0,Laila,Elisa,Lorent,F,1952-07-31T04:00:00.000+0000,666-56-3182,45935,LONDON
1268063.0,Domonique,Sigrid,Wilstead,F,1961-08-04T04:00:00.000+0000,666-17-1847,75211,CANADA
1268064.0,Cherryl,Gemma,Scollard,F,1952-06-21T04:00:00.000+0000,983-54-3172,66374,CANADA
1268065.0,Kacy,Rhea,Drohane,F,1964-08-19T04:00:00.000+0000,951-76-6039,64860,CANADA
1268066.0,Crissy,Domenica,Kemsley,F,1958-07-01T04:00:00.000+0000,916-10-5542,103171,CANADA
1268067.0,Sanjuana,Zulma,Horribine,F,1988-02-07T05:00:00.000+0000,943-86-9803,74997,CANADA
1268068.0,Aurea,Audrea,Matthieson,F,1970-02-25T05:00:00.000+0000,914-13-3710,87125,CANADA
1268069.0,Aletha,Slyvia,Surmon,F,1991-06-16T04:00:00.000+0000,977-33-5109,103251,LONDON
1268070.0,Micheal,Thomasina,Pappin,F,1960-01-08T05:00:00.000+0000,936-26-7941,64970,LONDON
1268071.0,Maddie,Maricela,Ollerearnshaw,F,1982-11-24T05:00:00.000+0000,945-65-8778,96284,USA
1268072.0,Augusta,Ela,Strephan,F,1977-04-16T05:00:00.000+0000,987-97-1804,100715,LONDON
1268073.0,Tifany,Eufemia,Filyashin,F,1980-09-29T04:00:00.000+0000,952-76-6593,91066,LONDON
1268074.0,Gerry,Rolande,Edmand,F,1986-10-09T04:00:00.000+0000,922-47-4042,70297,USA
1268075.0,Jerlene,Kaitlyn,Kubiak,F,1993-12-27T05:00:00.000+0000,944-38-7524,84171,CANADA
1268076.0,Myrtice,Mozella,Wehden,F,1990-03-30T05:00:00.000+0000,973-94-4201,104592,USA
1268077.0,Mora,Chana,Skipsey,F,1985-04-18T05:00:00.000+0000,912-48-5505,85823,CANADA
1268078.0,Laine,Savanna,Worstall,F,1989-06-03T04:00:00.000+0000,958-72-8227,68609,CANADA
1268079.0,Dulcie,Karrie,Ewence,F,1957-04-25T05:00:00.000+0000,984-89-8754,44141,CANADA
1268080.0,Gertude,Jolene,Brambley,F,1964-02-19T05:00:00.000+0000,981-27-9551,56145,USA
1268081.0,Geraldine,Thersa,Handrek,F,1972-07-29T04:00:00.000+0000,911-21-4803,61948,LONDON
1268082.0,Rosenda,Colby,Hurling,F,1994-06-04T04:00:00.000+0000,904-66-2732,71943,USA
1268083.0,Romana,Genia,Sivorn,F,1969-04-07T05:00:00.000+0000,943-43-4075,57385,LONDON
1268084.0,Elenora,Stephanie,Witherby,F,1994-09-29T04:00:00.000+0000,949-87-8583,14947,CANADA
1268085.0,Eveline,Emely,Sirrell,F,1960-07-25T04:00:00.000+0000,928-12-7887,57673,USA
1268086.0,Crystle,Rosalina,Willingam,F,1997-05-07T04:00:00.000+0000,974-71-7594,86492,USA
1268087.0,Arlene,Rosamaria,Burtonshaw,F,1960-11-02T05:00:00.000+0000,955-17-1309,40891,USA
1268088.0,Carlie,Anjelica,Richold,F,1954-01-19T05:00:00.000+0000,993-47-5545,68716,CANADA
1268089.0,Ashleigh,Isabelle,Oliveti,F,1963-06-28T04:00:00.000+0000,969-93-2312,39848,USA
1268090.0,Briana,Mikki,Rump,F,1995-05-30T04:00:00.000+0000,936-58-7721,102393,CANADA
1268091.0,Corliss,Candyce,Mouncher,F,1995-08-15T04:00:00.000+0000,975-52-3631,82505,LONDON
1268092.0,Moon,Donnetta,Romand,F,1963-01-30T05:00:00.000+0000,995-44-6470,91488,USA
1268093.0,Elinor,Pearle,Mungan,F,1999-12-07T05:00:00.000+0000,925-53-6358,73940,USA
1268094.0,Cheryle,Clementine,Rotte,F,1977-02-19T05:00:00.000+0000,936-91-4500,37546,USA
1268095.0,Debrah,Melba,Nisen,F,1996-12-02T05:00:00.000+0000,975-62-6978,66137,USA
1268096.0,Audry,Aracely,Turneux,F,1988-09-29T04:00:00.000+0000,987-98-2118,115582,LONDON
1268097.0,Laila,Nanci,Huniwall,F,1957-12-27T05:00:00.000+0000,937-18-9560,39369,CANADA
1268098.0,Vanessa,Tamera,Bexon,F,1968-10-08T04:00:00.000+0000,953-77-4645,44197,LONDON
1268099.0,Annett,Kimberely,Loughhead,F,1988-07-24T04:00:00.000+0000,989-77-1991,68635,CANADA
1268100.0,Casie,Lorie,Impett,F,1957-03-22T05:00:00.000+0000,976-93-9041,49099,LONDON
1268101.0,Monika,Julie,Patria,F,1968-04-03T05:00:00.000+0000,943-79-3921,61863,LONDON
1268102.0,Lavonna,Lottie,Alldridge,F,1998-11-21T05:00:00.000+0000,932-29-1182,16617,LONDON
1268103.0,Kristina,Ardith,Muffett,F,1986-06-16T04:00:00.000+0000,906-77-7063,105872,LONDON
1268104.0,Jeneva,Birdie,Broadbury,F,1970-03-29T05:00:00.000+0000,983-90-8466,92730,LONDON
1268105.0,Adriana,Mabel,Dhillon,F,1985-02-28T05:00:00.000+0000,964-78-9362,68813,CANADA
1268106.0,Susanne,Paulene,Hymers,F,1985-12-24T05:00:00.000+0000,959-72-6955,45300,USA
1268107.0,Julene,Tosha,Bishopp,F,1999-12-03T05:00:00.000+0000,934-44-3505,47724,USA
1268108.0,Erika,Valrie,Hutley,F,1976-04-16T05:00:00.000+0000,939-68-8000,94983,LONDON
1268109.0,Katherine,January,Veart,F,1962-05-09T04:00:00.000+0000,908-36-9894,84510,LONDON
1268110.0,Brianne,Carolann,Bellie,F,1957-06-06T04:00:00.000+0000,904-39-9105,79429,USA
1268111.0,Annalee,Migdalia,Itzakson,F,1975-04-08T04:00:00.000+0000,959-85-1684,75540,LONDON
1268112.0,Laverne,Shaniqua,Bethel,F,1971-05-11T04:00:00.000+0000,994-53-1171,86010,CANADA
1268113.0,Cheyenne,Jordan,Galea,F,1980-08-11T04:00:00.000+0000,916-38-6148,68334,CANADA
1268114.0,Latricia,Yung,Chagg,F,1963-01-17T05:00:00.000+0000,989-70-5666,51571,USA
1268115.0,Carley,Nila,Coie,F,1957-02-10T05:00:00.000+0000,942-44-8401,75592,CANADA
1268116.0,Dionna,Gayle,Wardel,F,1975-05-06T04:00:00.000+0000,666-54-6503,90557,CANADA
1268117.0,Tobi,Ula,Pash,F,1997-12-11T05:00:00.000+0000,959-10-9894,83778,USA
1268118.0,Noriko,Darla,Waszczykowski,F,1978-03-14T05:00:00.000+0000,965-41-6837,55595,USA
1268119.0,Louanne,Fannie,Randall,F,1994-11-12T05:00:00.000+0000,938-73-6119,96896,USA
1268120.0,Anette,Shara,Springall,F,1984-07-13T04:00:00.000+0000,995-41-9566,3715,USA
1268121.0,Rowena,Michaele,Roust,F,1966-03-23T05:00:00.000+0000,997-60-6678,61867,USA
1268122.0,Dorotha,Debroah,Huegett,F,1953-06-17T04:00:00.000+0000,969-13-5226,73131,CANADA
1268123.0,Zandra,Lien,Blenkinsop,F,1982-07-18T04:00:00.000+0000,987-66-2277,66593,USA
1268124.0,Patty,Pamula,Ashbey,F,1974-07-09T04:00:00.000+0000,917-74-1699,27238,CANADA
1268125.0,Vertie,Inez,Hadcock,F,1969-05-12T04:00:00.000+0000,973-48-6966,56647,CANADA
1268126.0,Gabriele,Paola,Andri,F,1974-04-23T04:00:00.000+0000,923-26-5494,45849,LONDON
1268127.0,Dayna,Lorie,Petracchi,F,1994-12-28T05:00:00.000+0000,934-18-8586,101313,LONDON
1268128.0,Faviola,Willia,Wrightson,F,1962-06-23T04:00:00.000+0000,951-11-1846,55013,CANADA
1268129.0,Felicidad,Rosalina,Santello,F,1982-06-27T04:00:00.000+0000,904-82-6738,63771,CANADA
1268130.0,Hang,Heather,Bage,F,1965-01-11T05:00:00.000+0000,929-22-3675,44088,USA
1268131.0,Cherry,Mandie,Stanbro,F,1968-03-14T05:00:00.000+0000,978-77-1293,88799,LONDON
1268132.0,Brianna,Shin,Salla,F,1992-01-13T05:00:00.000+0000,973-62-4090,48085,USA
1268133.0,Melba,Delicia,Bramwell,F,1956-06-18T04:00:00.000+0000,919-71-5277,94844,LONDON
1268134.0,Esther,Tenesha,Casham,F,1992-07-02T04:00:00.000+0000,921-49-2331,63437,USA
1268135.0,Mckenzie,Francoise,Mordin,F,1986-05-16T04:00:00.000+0000,987-68-7704,98624,LONDON
1268136.0,Mandie,Elke,Westraw,F,1980-07-24T04:00:00.000+0000,963-69-5992,46825,CANADA
1268137.0,Latarsha,Novella,Harse,F,1964-11-01T05:00:00.000+0000,941-37-3977,58109,CANADA
1268138.0,Shantelle,Michiko,Plesing,F,1977-03-25T05:00:00.000+0000,975-86-4096,85467,LONDON
1268139.0,Jeannine,Azzie,Corrie,F,1995-05-05T04:00:00.000+0000,951-34-5229,39309,CANADA
1268140.0,Jonna,Chau,Louedey,F,1984-08-20T04:00:00.000+0000,922-34-7198,68909,LONDON
1268141.0,Katy,Shauna,Huortic,F,1981-01-26T05:00:00.000+0000,924-85-4091,60964,USA
1268142.0,Katrina,Joie,Bilt,F,1962-12-27T05:00:00.000+0000,945-50-7195,75910,LONDON
1268143.0,Annalisa,Halley,Linnit,F,1969-06-08T04:00:00.000+0000,985-73-8851,66980,LONDON
1268144.0,Maurice,Evelina,Yetton,F,1996-02-13T05:00:00.000+0000,944-46-7875,44674,USA
1268145.0,Cecily,Shenna,Adamsen,F,1969-01-17T05:00:00.000+0000,921-86-3032,56952,USA
1268146.0,Kelley,Elwanda,Kegg,F,1969-09-08T04:00:00.000+0000,920-53-5925,49661,CANADA
1268147.0,Eden,Delena,Pardy,F,1990-07-20T04:00:00.000+0000,907-87-9251,69343,USA
1268148.0,Leeanna,Lanelle,Silverson,F,1980-08-13T04:00:00.000+0000,928-92-1380,48468,LONDON
1268149.0,Ruby,Mila,Kingsbury,F,1983-04-17T05:00:00.000+0000,979-80-1203,91422,CANADA
1268150.0,Lucina,Felica,Dawbury,F,1962-03-30T05:00:00.000+0000,975-18-2538,62124,USA
1268151.0,Carleen,Shakia,Sissons,F,1982-08-16T04:00:00.000+0000,990-18-2499,62243,LONDON
1268152.0,Marleen,Apryl,Bank,F,1998-06-24T04:00:00.000+0000,920-72-5776,46185,USA
1268153.0,Linda,Gladis,Tythacott,F,1968-08-25T04:00:00.000+0000,992-20-9519,87148,LONDON
1268154.0,Merrie,Brook,Pyburn,F,1981-09-10T04:00:00.000+0000,910-15-3529,57452,LONDON
1268155.0,January,Ai,Pearcy,F,1954-09-04T04:00:00.000+0000,911-48-4544,94354,CANADA
1268156.0,Coralee,Isabella,Bossom,F,1970-06-07T04:00:00.000+0000,929-27-8180,78000,USA
1268157.0,Chassidy,Tracee,Sherlaw,F,1993-02-27T05:00:00.000+0000,992-35-6186,86950,LONDON
1268158.0,Corrie,Arica,Iacovacci,F,1976-03-08T05:00:00.000+0000,918-41-3298,71682,USA
1268159.0,Arlena,Yi,Chaunce,F,1978-07-20T04:00:00.000+0000,980-56-1697,121061,LONDON
1268160.0,Sima,Felicita,Gorst,F,1987-10-20T04:00:00.000+0000,957-47-8758,56436,CANADA
1268161.0,Fleta,Danna,Core,F,1974-09-24T04:00:00.000+0000,961-95-9434,88114,LONDON
1268162.0,Kylee,Kanisha,Pesak,F,1967-04-18T05:00:00.000+0000,903-24-7093,73988,LONDON
1268163.0,Robbyn,Berta,Brundall,F,1969-03-13T05:00:00.000+0000,924-93-3783,94572,LONDON
1268164.0,Valorie,Hannah,Blankett,F,1967-05-03T04:00:00.000+0000,951-70-5018,71408,USA
1268165.0,Robyn,Opal,Druery,F,1959-02-07T05:00:00.000+0000,906-47-5671,77830,USA
1268166.0,Billi,Keila,Doig,F,1971-08-24T04:00:00.000+0000,900-19-7051,77026,USA
1268167.0,Mitzi,Lesha,Spedding,F,1962-07-11T04:00:00.000+0000,924-18-3267,69606,USA
1268168.0,Raven,Latina,Hixson,F,1990-01-29T05:00:00.000+0000,903-74-5897,65278,LONDON
1268169.0,Temple,Maribeth,Cammock,F,1973-02-25T05:00:00.000+0000,966-96-6859,83097,CANADA
1268170.0,Larita,Verlene,Jerok,F,1994-10-13T04:00:00.000+0000,909-21-2206,71157,USA
1268171.0,Audrey,Jeri,Kenford,F,1986-06-20T04:00:00.000+0000,982-85-1058,84185,LONDON
1268172.0,Lavonna,Ginny,Thornber,F,1972-05-09T04:00:00.000+0000,932-80-8405,43943,CANADA
1268173.0,Shalonda,Shayla,Davage,F,1974-02-23T04:00:00.000+0000,907-34-9184,43590,LONDON
1268174.0,Hayley,Tijuana,Hubbuck,F,1984-03-20T05:00:00.000+0000,924-34-2473,92851,CANADA
1268175.0,Eleni,Kenya,Oxenbury,F,1973-05-18T04:00:00.000+0000,947-55-9859,86717,CANADA
1268176.0,Laure,Delia,Legges,F,1989-03-17T05:00:00.000+0000,977-51-6661,48778,CANADA
1268177.0,Drucilla,Abby,Hacker,F,1979-01-27T05:00:00.000+0000,923-39-4227,88052,LONDON
1268178.0,Tamesha,Bethann,Brough,F,1998-01-20T05:00:00.000+0000,955-47-4166,76814,USA
1268179.0,Meaghan,Fidelia,Corston,F,1958-12-01T05:00:00.000+0000,939-67-3776,37787,LONDON
1268180.0,Marceline,Clarine,Franzen,F,1996-07-04T04:00:00.000+0000,947-66-2040,89369,USA
1268181.0,Terry,Sherlyn,Kisar,F,1983-03-01T05:00:00.000+0000,986-36-8416,83485,CANADA
1268182.0,Neva,Alesia,Pearn,F,1970-12-29T05:00:00.000+0000,939-72-6490,136948,LONDON
1268183.0,Odilia,Garnett,Etchells,F,1967-01-01T05:00:00.000+0000,978-27-6158,102912,LONDON
1268184.0,Carroll,Selma,Biddles,F,1958-05-25T04:00:00.000+0000,919-45-9288,92486,USA
1268185.0,Kym,Else,Rennolds,F,1979-08-06T04:00:00.000+0000,905-66-3589,46912,LONDON
1268186.0,Cassidy,Corrine,Marlon,F,1985-02-02T05:00:00.000+0000,941-37-9854,70151,CANADA
1268187.0,Despina,Ying,McLenaghan,F,1989-06-11T04:00:00.000+0000,975-60-9722,98309,CANADA
1268188.0,Candida,Ola,Radclyffe,F,1966-08-26T04:00:00.000+0000,916-52-6327,47068,USA
1268189.0,Georgina,Sherrell,Hursey,F,1995-01-12T05:00:00.000+0000,967-59-9353,65964,USA
1268190.0,Kimiko,Temika,Schmuhl,F,1953-09-29T05:00:00.000+0000,982-31-9304,85368,LONDON
1268191.0,Katheleen,Zelda,Twoohy,F,1968-02-02T05:00:00.000+0000,973-73-4062,60018,CANADA
1268192.0,Tennille,Audria,Pedrollo,F,1971-12-19T05:00:00.000+0000,932-58-4304,69985,CANADA
1268193.0,Keturah,Zada,Kermath,F,1985-02-01T05:00:00.000+0000,949-64-5317,21195,USA
1268194.0,Emmie,Tyesha,Stockley,F,1988-06-09T04:00:00.000+0000,954-55-9191,73926,CANADA
1268195.0,Myrle,Marianela,Micklewright,F,1960-12-06T05:00:00.000+0000,946-82-5541,52496,CANADA
1268196.0,Ashley,Lori,Mickan,F,1980-10-14T04:00:00.000+0000,980-27-3471,87457,LONDON
1268197.0,Meghan,Marya,Petrasek,F,1999-09-06T04:00:00.000+0000,921-54-1823,122783,LONDON
1268198.0,Carlotta,Armanda,Lethlay,F,1975-12-09T05:00:00.000+0000,968-95-3408,64433,CANADA
1268199.0,Loreta,Britni,Le febre,F,1983-12-13T05:00:00.000+0000,981-47-1327,97400,USA
1268200.0,Maxima,Suanne,Records,F,1984-02-25T05:00:00.000+0000,952-50-8465,35148,USA
1268201.0,Leonida,Marge,Varker,F,1986-09-11T04:00:00.000+0000,947-66-2947,71601,LONDON
1268202.0,Mammie,Ilona,Mucklow,F,1972-07-27T04:00:00.000+0000,911-38-6427,44629,CANADA
1268203.0,Raina,Agustina,Croxall,F,1989-07-08T04:00:00.000+0000,910-22-5930,54276,USA
1268204.0,Teisha,Bertie,Breede,F,1998-07-19T04:00:00.000+0000,926-74-9985,69258,CANADA
1268205.0,Sophie,Jeanie,Yann,F,1955-03-29T05:00:00.000+0000,908-62-3195,87950,LONDON
1268206.0,Alia,Kasha,Coller,F,1971-08-08T04:00:00.000+0000,947-66-4890,68151,LONDON
1268207.0,Madeleine,Ruth,Marcos,F,1962-05-02T04:00:00.000+0000,908-12-7895,55274,CANADA
1268208.0,Clotilde,Particia,Houchen,F,1981-10-03T04:00:00.000+0000,929-54-8285,66655,LONDON
1268209.0,Veronika,Mai,Icke,F,1961-11-21T05:00:00.000+0000,932-57-5004,79527,LONDON
1268210.0,Samella,Ivana,Littlejohns,F,1993-08-09T04:00:00.000+0000,987-22-4172,77638,LONDON
1268211.0,Tasia,Kamilah,Lerwill,F,1955-06-14T04:00:00.000+0000,997-67-7989,115378,USA
1268212.0,Gene,Audrea,Teague,F,1995-10-29T04:00:00.000+0000,977-59-8221,75917,CANADA
1268213.0,Zelda,Thomasine,Higgen,F,1980-10-03T04:00:00.000+0000,973-68-5225,86081,CANADA
1268214.0,Arvilla,Jenelle,Molen,F,1997-12-17T05:00:00.000+0000,940-38-2317,54456,CANADA
1268215.0,Shandi,Annemarie,Perren,F,1992-08-15T04:00:00.000+0000,910-49-1961,49996,CANADA
1268216.0,In,Lien,Pyzer,F,1959-07-30T04:00:00.000+0000,963-49-5547,57022,CANADA
1268217.0,Romana,Nikki,Skym,F,1985-09-29T04:00:00.000+0000,994-98-7144,59484,CANADA
1268218.0,Monika,Niesha,O'Dornan,F,1974-01-19T04:00:00.000+0000,970-44-8839,76415,LONDON
1268219.0,Susana,Lana,Bockmaster,F,1975-08-31T04:00:00.000+0000,980-38-4690,74094,CANADA
1268220.0,Lorene,Stephaine,Hainey`,F,1966-11-20T05:00:00.000+0000,968-39-3031,84251,LONDON
1268221.0,Diedre,Dagny,Debrick,F,1981-01-11T05:00:00.000+0000,905-73-7894,95363,LONDON
1268222.0,Lessie,Pasty,McGorley,F,1980-05-15T04:00:00.000+0000,951-25-8025,70661,LONDON
1268223.0,Aletha,Justa,Pennrington,F,1963-03-30T05:00:00.000+0000,969-64-2155,88950,LONDON
1268224.0,Roxie,Arielle,Gasperi,F,1980-06-12T04:00:00.000+0000,920-48-4546,66053,LONDON
1268225.0,Faith,Angele,Rhodef,F,1963-10-02T04:00:00.000+0000,910-93-7132,71822,USA
1268226.0,Jadwiga,Kera,Pitkaithly,F,1995-04-19T04:00:00.000+0000,947-73-4810,67220,CANADA
1268227.0,Rina,Velma,Jaume,F,1952-01-19T05:00:00.000+0000,900-23-7805,41193,USA
1268228.0,Ericka,Autumn,Whisson,F,1973-09-26T04:00:00.000+0000,991-49-6845,102700,CANADA
1268229.0,Marva,Olivia,Ide,F,1958-05-29T04:00:00.000+0000,958-23-6960,70127,USA
1268230.0,Marquetta,Loralee,Dabs,F,1966-02-11T05:00:00.000+0000,917-75-2300,86149,USA
1268231.0,Meredith,Loreen,Chadney,F,1966-08-29T04:00:00.000+0000,964-81-3038,81931,CANADA
1268232.0,Patrica,Marylynn,Anderton,F,1976-12-03T05:00:00.000+0000,994-24-8735,57184,USA
1268233.0,Shelia,Isadora,Kingaby,F,1984-01-15T05:00:00.000+0000,982-89-3539,109248,LONDON
1268234.0,Autumn,Charlyn,Staggs,F,1979-06-17T04:00:00.000+0000,941-39-7877,52118,CANADA
1268235.0,Kayleen,Georgeann,Jaegar,F,1972-07-16T04:00:00.000+0000,953-37-5232,67931,USA
1268236.0,Rosella,Lanelle,Bacchus,F,1967-01-25T05:00:00.000+0000,948-15-3778,90859,CANADA
1268237.0,Darlena,Christal,McCroft,F,1966-05-22T04:00:00.000+0000,913-90-3374,109529,CANADA
1268238.0,Emelda,Lynell,McAreavey,F,1965-04-02T05:00:00.000+0000,938-83-3521,30506,LONDON
1268239.0,Sally,Reatha,Ambroise,F,1972-05-05T04:00:00.000+0000,907-62-1008,74603,LONDON
1268240.0,Rosia,Shaina,Dibbe,F,1984-09-05T04:00:00.000+0000,905-50-6692,73810,CANADA
1268241.0,Dawna,Ebony,Schuster,F,1991-03-19T05:00:00.000+0000,944-48-8152,41127,CANADA
1268242.0,Belva,Araceli,Teissier,F,1959-03-21T05:00:00.000+0000,943-79-4266,78899,CANADA
1268243.0,Meta,Brandon,Mundall,F,1978-05-28T04:00:00.000+0000,961-23-1059,111853,USA
1268244.0,Wendolyn,Allene,Cromar,F,1968-03-06T05:00:00.000+0000,980-82-8851,59857,LONDON
1268245.0,Kristal,Karma,Shuard,F,1999-09-02T04:00:00.000+0000,992-16-7969,44217,CANADA
1268246.0,Merissa,Rona,Goldes,F,1958-05-08T04:00:00.000+0000,943-71-6332,78200,CANADA
1268247.0,Damaris,Julianna,Edney,F,1975-09-19T04:00:00.000+0000,959-92-1355,69968,USA
1268248.0,Tresa,Zada,Becerro,F,1996-09-30T04:00:00.000+0000,941-20-3906,49179,CANADA
1268249.0,Leatha,Else,Corah,F,1998-11-22T05:00:00.000+0000,919-49-9529,65742,USA
1268250.0,Nella,Inge,Bufton,F,1982-01-29T05:00:00.000+0000,666-23-1082,58324,LONDON
1268251.0,Jannet,Camille,Dorcey,F,1978-12-25T05:00:00.000+0000,911-73-5475,83747,LONDON
1268252.0,Lavera,Kathline,Maypes,F,1975-05-01T04:00:00.000+0000,941-90-1227,65440,CANADA
1268253.0,Serafina,Margit,Piggens,F,1972-10-05T04:00:00.000+0000,933-93-8457,77624,CANADA
1268254.0,Debra,Mirian,Sinncock,F,1981-07-09T04:00:00.000+0000,900-60-7235,61027,CANADA
1268255.0,Cassondra,Val,Heynel,F,1980-01-13T05:00:00.000+0000,948-36-6891,114128,LONDON
1268256.0,Beaulah,Tabitha,De Benedetti,F,1969-02-05T05:00:00.000+0000,940-19-7883,83201,CANADA
1268257.0,Nanci,Candice,Woolliams,F,1968-08-05T04:00:00.000+0000,950-90-5564,97577,CANADA
1268258.0,Ghislaine,Myrna,Britten,F,1954-05-10T04:00:00.000+0000,965-75-6044,67025,CANADA
1268259.0,Anika,Patria,Lubman,F,1983-11-14T05:00:00.000+0000,948-26-6673,49685,USA
1268260.0,Sudie,Johna,Scyner,F,1961-01-13T05:00:00.000+0000,937-57-7023,78963,LONDON
1268261.0,Shaquana,Sook,Crosseland,F,1954-07-13T04:00:00.000+0000,954-50-7541,38615,USA
1268262.0,Vilma,Cassidy,Brewin,F,1992-10-30T05:00:00.000+0000,942-23-7028,71741,USA
1268263.0,Nana,Rosie,Scown,F,1967-08-19T04:00:00.000+0000,971-98-9997,83197,LONDON
1268264.0,Clarice,Kasey,Balderstone,F,1953-12-28T05:00:00.000+0000,918-55-6797,48554,LONDON
1268265.0,Cora,Vanda,Dripp,F,1994-02-06T05:00:00.000+0000,958-84-9878,48006,LONDON
1268266.0,Chiquita,Tressa,Romanet,F,1985-10-30T05:00:00.000+0000,936-21-5076,59769,USA
1268267.0,Santina,Jenice,Fenner,F,1985-01-08T05:00:00.000+0000,988-29-5777,63071,CANADA
1268268.0,Jacinta,Eusebia,Allon,F,1973-03-05T05:00:00.000+0000,959-57-1674,38630,CANADA
1268269.0,Miranda,Flora,Ghiron,F,1999-11-01T05:00:00.000+0000,982-68-5338,86276,LONDON
1268270.0,Layla,Laticia,Winkett,F,1998-10-07T04:00:00.000+0000,949-15-1261,70524,CANADA
1268271.0,Lanie,Loura,Dennistoun,F,1997-05-01T04:00:00.000+0000,993-53-1831,94958,LONDON
1268272.0,Rachael,Delta,Jarret,F,1956-06-01T04:00:00.000+0000,970-63-4300,83361,USA
1268273.0,Kasey,Isela,Cannavan,F,1981-12-13T05:00:00.000+0000,970-26-9824,78476,LONDON
1268274.0,Idalia,Tashina,McGrudder,F,1979-12-27T05:00:00.000+0000,921-79-2462,66979,LONDON
1268275.0,Rosella,Micheline,Manclark,F,1957-07-31T04:00:00.000+0000,933-13-4165,58259,CANADA
1268276.0,Elva,Tien,Ryding,F,1984-01-29T05:00:00.000+0000,929-93-7752,88320,CANADA
1268277.0,Melia,Christin,Petrosian,F,1961-07-14T04:00:00.000+0000,960-97-5357,77765,CANADA
1268278.0,Marilu,Lola,Crumly,F,1978-05-04T04:00:00.000+0000,927-95-6679,81330,LONDON
1268279.0,Adrianna,Delicia,Strelitzki,F,1960-01-10T05:00:00.000+0000,900-73-2941,81887,CANADA
1268280.0,Angella,Casey,Squire,F,1955-01-27T05:00:00.000+0000,968-94-9328,106936,CANADA
1268281.0,Tempie,Thalia,Puxley,F,1956-09-24T04:00:00.000+0000,991-18-3742,60719,LONDON
1268282.0,Sima,Elizbeth,Dillicate,F,1976-09-12T04:00:00.000+0000,995-89-9592,53051,USA
1268283.0,Juliette,Rebecka,Haack,F,1983-04-13T05:00:00.000+0000,969-85-5399,55405,CANADA
1268284.0,Svetlana,Nidia,Antognozzii,F,1955-10-13T04:00:00.000+0000,923-76-5467,60788,CANADA
1268285.0,Felipa,Jessika,Teeney,F,1978-03-24T05:00:00.000+0000,998-87-4195,109237,USA
1268286.0,Taryn,Lean,Hissett,F,1983-02-19T05:00:00.000+0000,981-20-9672,47648,LONDON
1268287.0,Chanelle,Rosalia,Geistbeck,F,1997-10-09T04:00:00.000+0000,952-78-6907,97568,CANADA
1268288.0,Karima,Whitley,Bembrick,F,1975-04-23T04:00:00.000+0000,995-81-2327,86927,CANADA
1268289.0,Celeste,Sharmaine,Hanby,F,1958-11-29T05:00:00.000+0000,942-35-1805,43506,LONDON
1268290.0,Johanna,Birdie,Mahaffey,F,1988-08-27T04:00:00.000+0000,977-67-3684,82959,LONDON
1268291.0,Madeline,Minerva,Coop,F,1955-08-25T04:00:00.000+0000,991-88-5119,38055,LONDON
1268292.0,Lavelle,Fernanda,Renackowna,F,1955-08-17T04:00:00.000+0000,666-68-9920,63313,USA
1268293.0,Arlyne,Arielle,Gooderridge,F,1999-12-13T05:00:00.000+0000,928-48-1382,89756,USA
1268294.0,Josephina,Ali,Axe,F,1989-09-30T04:00:00.000+0000,666-45-9864,52474,USA
1268295.0,Phyliss,Shaquita,Gemson,F,1977-12-17T05:00:00.000+0000,980-79-6665,82645,LONDON
1268296.0,Renee,Dominica,Kubecka,F,1987-06-09T04:00:00.000+0000,955-65-6495,83393,CANADA
1268297.0,Verena,Nereida,Southworth,F,1987-05-24T04:00:00.000+0000,924-13-2856,81175,CANADA
1268298.0,Kasie,Rosamaria,Mattea,F,1956-08-05T04:00:00.000+0000,943-11-3947,104694,LONDON
1268299.0,Xiomara,Opal,Heinle,F,1970-02-28T05:00:00.000+0000,960-22-1111,81500,LONDON
1268300.0,Ruby,Melaine,Buddle,F,1962-02-13T05:00:00.000+0000,900-91-5605,123742,USA
1268301.0,Jacquelin,Nada,O'Crigane,F,1971-05-27T04:00:00.000+0000,974-21-6214,81694,USA
1268302.0,Omega,Celeste,Sibyllina,F,1957-03-12T05:00:00.000+0000,985-28-7130,57913,LONDON
1268303.0,Debrah,Cynthia,Cantos,F,1995-10-01T04:00:00.000+0000,989-82-1577,47787,CANADA
1268304.0,Margot,Kym,Bleesing,F,1957-11-25T05:00:00.000+0000,915-18-6436,64394,USA
1268305.0,Melia,Etha,Reardon,F,1995-02-10T05:00:00.000+0000,902-85-1256,43561,LONDON
1268306.0,Celia,Micaela,Dibden,F,1980-02-20T05:00:00.000+0000,987-37-3751,115170,LONDON
1268307.0,Dana,Malisa,Licas,F,1982-01-05T05:00:00.000+0000,972-57-7211,97347,CANADA
1268308.0,Jannie,Michiko,Eskrigge,F,1970-04-05T05:00:00.000+0000,971-70-8654,84742,CANADA
1268309.0,Joslyn,Shantay,Trevan,F,1983-07-03T04:00:00.000+0000,953-44-1751,95579,CANADA
1268310.0,Bertha,Isa,Brabender,F,1986-10-16T04:00:00.000+0000,920-84-6193,64179,CANADA
1268311.0,Raeann,Flor,McMorran,F,1984-01-28T05:00:00.000+0000,942-59-8756,52554,CANADA
1268312.0,Mahalia,Felica,Fiddiman,F,1998-06-24T04:00:00.000+0000,944-13-9542,55121,LONDON
1268313.0,Alethea,Viviana,Tidcomb,F,1952-06-08T04:00:00.000+0000,952-51-8283,74513,USA
1268314.0,Cassidy,Tonie,Fost,F,1982-02-25T05:00:00.000+0000,944-19-4780,63718,USA
1268315.0,Estefana,Violet,Antushev,F,1959-10-18T04:00:00.000+0000,997-64-3369,75053,CANADA
1268316.0,Katelyn,Heather,Hugnot,F,1983-02-22T05:00:00.000+0000,904-32-7351,117937,LONDON
1268317.0,Charolette,Keesha,Slyvester,F,1984-08-23T04:00:00.000+0000,965-20-1351,50563,USA
1268318.0,Lorean,Renay,McBryde,F,1989-07-15T04:00:00.000+0000,979-17-8775,73136,LONDON
1268319.0,Deloise,Annmarie,Bartels-Ellis,F,1994-10-28T04:00:00.000+0000,914-20-4566,51248,USA
1268320.0,Shawn,Laci,Reicherz,F,1994-09-06T04:00:00.000+0000,963-30-4939,95817,CANADA
1268321.0,Letisha,Mistie,Nickerson,F,1994-04-08T04:00:00.000+0000,992-66-9273,91171,LONDON
1268322.0,Rosaura,Carmelia,Grgic,F,1954-06-19T04:00:00.000+0000,937-93-5771,43650,CANADA
1268323.0,Nam,Josefa,Mahood,F,1970-01-30T05:00:00.000+0000,970-70-2691,110991,CANADA
1268324.0,Ilona,Janyce,Kun,F,1987-08-27T04:00:00.000+0000,950-57-4220,61781,CANADA
1268325.0,Tawanna,Janel,Harston,F,1962-05-13T04:00:00.000+0000,975-95-7956,60449,USA
1268326.0,Kyung,Meridith,Storkes,F,1995-09-30T04:00:00.000+0000,946-71-9630,95449,CANADA
1268327.0,Ethyl,Zelma,Mathivet,F,1963-09-26T04:00:00.000+0000,923-15-4943,55255,CANADA
1268328.0,Ariana,Cristy,Henfre,F,1955-12-23T05:00:00.000+0000,934-97-2577,74495,USA
1268329.0,Lauralee,Joya,Mellanby,F,1960-08-30T04:00:00.000+0000,985-86-9020,85749,USA
1268330.0,Simonne,Darcie,Delagua,F,1957-07-16T04:00:00.000+0000,921-44-7101,52648,LONDON
1268331.0,Sang,Elfrieda,Sargood,F,1956-05-26T04:00:00.000+0000,908-97-2357,77964,USA
1268332.0,Berry,Ilse,Klaffs,F,1971-03-01T05:00:00.000+0000,968-27-5406,69634,USA
1268333.0,Maryam,Regine,Endrici,F,1966-12-24T05:00:00.000+0000,987-26-8496,82934,USA
1268334.0,Hermelinda,Adelia,Heigold,F,1953-08-22T04:00:00.000+0000,943-38-5836,79060,LONDON
1268335.0,Ema,Ellen,Muffett,F,1980-04-16T05:00:00.000+0000,964-22-6043,94591,CANADA
1268336.0,Cecily,Aliza,Keese,F,1981-02-02T05:00:00.000+0000,935-67-2034,86274,USA
1268337.0,Dorthea,Chantay,Franzonello,F,1973-10-25T04:00:00.000+0000,918-93-3050,74582,CANADA
1268338.0,Mellisa,Alvina,Burston,F,1957-03-26T05:00:00.000+0000,977-40-7664,75068,CANADA
1268339.0,Tova,Flossie,Ryam,F,1997-01-04T05:00:00.000+0000,924-76-4397,103207,USA
1268340.0,Vanda,Elina,Pyne,F,1967-01-02T05:00:00.000+0000,961-96-4479,74557,CANADA
1268341.0,Lavina,Ignacia,Quilliam,F,1972-02-27T05:00:00.000+0000,911-78-9877,75997,LONDON
1268342.0,Denita,Alejandra,Hiskey,F,1978-04-17T05:00:00.000+0000,932-91-6537,79722,LONDON
1268343.0,Ingeborg,Talitha,O'Fihily,F,1961-10-25T04:00:00.000+0000,964-90-7991,84322,CANADA
1268344.0,Dixie,Cassondra,Stanislaw,F,1973-09-18T04:00:00.000+0000,925-75-9319,55141,LONDON
1268345.0,Zenia,Carey,Lathy,F,1990-03-25T05:00:00.000+0000,957-67-5459,73567,CANADA
1268346.0,Ruby,Evette,Hurtic,F,1981-06-27T04:00:00.000+0000,900-98-4746,69633,USA
1268347.0,Shakita,Melinda,Heineken,F,1977-12-26T05:00:00.000+0000,923-45-7730,62705,USA
1268348.0,Angelic,Misti,Ropert,F,1997-10-12T04:00:00.000+0000,977-71-3522,82044,CANADA
1268349.0,Arminda,Etta,MacPaike,F,1990-05-01T04:00:00.000+0000,956-31-1671,83066,CANADA
1268350.0,Rayna,Lean,Lillgard,F,1989-08-20T04:00:00.000+0000,992-31-8809,65349,USA
1268351.0,Jesica,Lanette,Tansly,F,1967-01-27T05:00:00.000+0000,996-83-8666,90065,USA
1268352.0,Fern,Kylee,Savil,F,1978-04-09T05:00:00.000+0000,903-82-4395,85569,CANADA
1268353.0,Ivana,Aleta,Novic,F,1966-02-21T05:00:00.000+0000,903-18-3043,69201,LONDON
1268354.0,Grace,Chin,Manley,F,1991-09-02T04:00:00.000+0000,989-95-6332,113539,CANADA
1268355.0,Nelda,Maxima,Crackett,F,1961-10-08T04:00:00.000+0000,929-53-2378,78340,LONDON
1268356.0,Vivien,Karolyn,Mengue,F,1989-04-08T04:00:00.000+0000,986-52-8505,77995,CANADA
1268357.0,Naida,Cami,Innis,F,1979-12-11T05:00:00.000+0000,969-86-7534,83054,USA
1268358.0,Marquetta,Orpha,Hansed,F,1992-09-09T04:00:00.000+0000,902-48-6550,61268,LONDON
1268359.0,Chae,Sallie,Swires,F,1968-09-12T04:00:00.000+0000,915-57-1312,69617,LONDON
1268360.0,Dann,Sharyl,McKag,F,1998-06-03T04:00:00.000+0000,960-78-3841,88289,USA
1268361.0,Emerald,Dyan,Balogun,F,1965-04-25T05:00:00.000+0000,966-63-5853,77741,USA
1268362.0,Lenita,Brigitte,Canniffe,F,1964-08-01T04:00:00.000+0000,907-25-6555,82562,LONDON
1268363.0,Rebbecca,Katelynn,Brychan,F,1959-06-07T04:00:00.000+0000,972-85-5652,68424,CANADA
1268364.0,Deandrea,Piper,Joselson,F,1975-11-07T05:00:00.000+0000,906-42-2386,66002,LONDON
1268365.0,Andi,Lorette,Cuss,F,1974-10-30T05:00:00.000+0000,922-12-3760,91722,LONDON
1268366.0,Kena,Gertrud,Woolnough,F,1982-09-29T04:00:00.000+0000,942-65-1062,53862,LONDON
1268367.0,Trista,Denese,Costin,F,1983-02-16T05:00:00.000+0000,929-80-1322,61000,LONDON
1268368.0,Delphine,Tianna,Lebrun,F,1959-06-19T04:00:00.000+0000,981-16-4368,78140,LONDON
1268369.0,Charlsie,Vincenza,Ivanchenkov,F,1984-01-22T05:00:00.000+0000,944-67-9457,87434,LONDON
1268370.0,Alvina,Leann,Franklen,F,1961-11-20T05:00:00.000+0000,928-83-4424,60641,CANADA
1268371.0,Clarisa,Clotilde,Pine,F,1965-06-09T04:00:00.000+0000,961-19-5357,52597,USA
1268372.0,Tonita,Natacha,Ricson,F,1986-03-26T05:00:00.000+0000,963-92-3045,55213,CANADA
1268373.0,Jackqueline,Sally,Robben,F,1954-07-16T04:00:00.000+0000,937-70-5834,65181,USA
1268374.0,Genevie,Jesusa,Prudham,F,1990-10-19T04:00:00.000+0000,920-66-2634,64605,LONDON
1268375.0,Cammy,Hee,Le Claire,F,1990-11-20T05:00:00.000+0000,909-90-7420,70508,LONDON
1268376.0,Dee,Latarsha,Eisikovitsh,F,1982-09-09T04:00:00.000+0000,921-50-5192,45135,USA
1268377.0,Versie,Jillian,Kidson,F,1952-09-08T04:00:00.000+0000,936-64-3076,36438,CANADA
1268378.0,Kasha,Reiko,Barthropp,F,1975-06-27T04:00:00.000+0000,977-95-9273,107918,USA
1268379.0,Lissa,Garnett,Bancroft,F,1954-06-22T04:00:00.000+0000,989-92-9264,98845,LONDON
1268380.0,Esta,Lila,Bein,F,1985-08-30T04:00:00.000+0000,995-31-1239,66544,CANADA
1268381.0,Wilma,Yee,Moses,F,1989-03-03T05:00:00.000+0000,944-56-7559,102159,LONDON
1268382.0,Lindsy,Marva,Hutcheon,F,1973-02-17T05:00:00.000+0000,987-93-1727,82533,LONDON
1268383.0,Meghan,Nikita,Antonnikov,F,1979-04-26T05:00:00.000+0000,915-35-5734,85436,USA
1268384.0,Carry,Rebeca,Woollacott,F,1980-11-21T05:00:00.000+0000,991-28-5989,71203,CANADA
1268385.0,Lindsay,Alina,Parkisson,F,1985-03-22T05:00:00.000+0000,983-85-2981,114860,CANADA
1268386.0,Shae,Kirstin,Fortesquieu,F,1959-06-11T04:00:00.000+0000,957-76-2075,88251,CANADA
1268387.0,Brandi,Williemae,Ashlee,F,1987-11-01T05:00:00.000+0000,988-52-8897,93356,LONDON
1268388.0,Eugene,Ellie,Haugh,F,1961-01-10T05:00:00.000+0000,928-41-2694,79974,LONDON
1268389.0,Lana,Latanya,Dottridge,F,1990-09-12T04:00:00.000+0000,998-59-7610,95870,USA
1268390.0,Iraida,Adriana,Marchello,F,1998-05-27T04:00:00.000+0000,922-13-2250,25729,CANADA
1268391.0,Lala,Arline,Storks,F,1982-06-28T04:00:00.000+0000,959-52-8978,65009,CANADA
1268392.0,Blair,Adaline,Daggett,F,1989-10-14T04:00:00.000+0000,974-35-6557,71257,CANADA
1268393.0,Loyce,Marian,Twinborne,F,1985-01-11T05:00:00.000+0000,991-84-7494,78593,USA
1268394.0,Albina,Sanjuana,Sigmund,F,1974-11-20T05:00:00.000+0000,916-92-1726,67605,USA
1268395.0,Timika,Erminia,Spelsbury,F,1992-02-25T05:00:00.000+0000,951-77-6714,75938,USA
1268396.0,Bianca,Michelle,Hasley,F,1974-07-26T04:00:00.000+0000,976-49-5474,103539,LONDON
1268397.0,Ila,Rosanne,Mulmuray,F,1964-08-01T04:00:00.000+0000,918-94-3090,87865,LONDON
1268398.0,Nena,Ashely,Mincher,F,1971-08-31T04:00:00.000+0000,960-79-4743,85459,USA
1268399.0,Eugene,Dawne,Pidgeon,F,1971-03-25T05:00:00.000+0000,905-44-9939,86099,CANADA
1268400.0,Yolanda,Christen,Banasiak,F,1989-04-18T04:00:00.000+0000,903-13-4752,98691,USA
1268401.0,Roxann,Marilynn,Antoinet,F,1972-02-13T05:00:00.000+0000,918-85-5964,76607,USA
1268402.0,Brianna,Nola,Casbourne,F,1970-03-18T05:00:00.000+0000,947-34-7513,71464,CANADA
1268403.0,Danyelle,Louann,Garvill,F,1958-04-23T05:00:00.000+0000,904-23-6025,82717,CANADA
1268404.0,Sabrina,Athena,Jaan,F,1995-04-25T04:00:00.000+0000,984-42-4792,71713,LONDON
1268405.0,Darcie,Elna,Balke,F,1976-03-12T05:00:00.000+0000,924-23-8368,34354,USA
1268406.0,Mui,Providencia,Grayley,F,1960-03-31T05:00:00.000+0000,924-36-4101,71852,LONDON
1268407.0,Lynsey,Holley,Cousins,F,1986-12-07T05:00:00.000+0000,928-67-8254,47443,LONDON
1268408.0,Kristyn,Myrta,Phateplace,F,1980-01-18T05:00:00.000+0000,963-41-1738,35962,USA
1268409.0,Amal,Evita,Barbosa,F,1978-01-11T05:00:00.000+0000,991-94-7029,53533,CANADA
1268410.0,Althea,Casie,Goncaves,F,1999-06-15T04:00:00.000+0000,979-64-6273,94983,CANADA
1268411.0,Marvella,Suzie,Conneau,F,1998-08-20T04:00:00.000+0000,913-50-8193,70853,LONDON
1268412.0,Sherryl,Ha,Hulks,F,1994-01-30T05:00:00.000+0000,916-70-8956,78720,CANADA
1268413.0,Bibi,Elicia,Ciccottini,F,1965-04-12T05:00:00.000+0000,923-27-6211,87133,LONDON
1268414.0,Magaly,Mable,Elbourn,F,1979-05-05T04:00:00.000+0000,941-61-4455,50594,LONDON
1268415.0,Norma,Tiesha,Tirte,F,1985-12-04T05:00:00.000+0000,954-53-8450,48938,USA
1268416.0,Paulita,Taneka,Redman,F,1966-10-14T04:00:00.000+0000,975-77-8060,93763,USA
1268417.0,Lacey,Rachelle,Finn,F,1986-09-13T04:00:00.000+0000,666-89-6893,111734,LONDON
1268418.0,Raven,Guillermina,Merner,F,1962-09-25T04:00:00.000+0000,988-93-4823,96719,LONDON
1268419.0,Kathrin,Allie,Picford,F,1960-02-02T05:00:00.000+0000,901-55-7257,54464,CANADA
1268420.0,Rochell,Miki,Fedder,F,1979-02-11T05:00:00.000+0000,928-63-2174,58955,USA
1268421.0,Cherri,Babara,Rubbens,F,1973-05-27T04:00:00.000+0000,957-24-1757,61442,LONDON
1268422.0,Felicita,Julieann,Teffrey,F,1993-02-23T05:00:00.000+0000,922-90-8757,64353,USA
1268423.0,Vikki,Raven,Merriott,F,1957-06-28T04:00:00.000+0000,937-75-9445,53166,LONDON
1268424.0,Elsy,Robin,Caccavale,F,1962-12-25T05:00:00.000+0000,955-33-3466,91169,USA
1268425.0,Rosalyn,Jenette,Broschek,F,1952-06-03T04:00:00.000+0000,934-86-2165,73998,USA
1268426.0,Arica,Brandy,Iddens,F,1969-10-05T04:00:00.000+0000,970-55-3288,82117,USA
1268427.0,Viva,Chrissy,Kornes,F,1971-10-12T04:00:00.000+0000,944-86-9837,67719,LONDON
1268428.0,Loma,Letisha,Horrigan,F,1957-10-08T04:00:00.000+0000,955-47-8070,102888,CANADA
1268429.0,Nita,Myrtle,Drane,F,1956-12-21T05:00:00.000+0000,916-16-3224,73954,CANADA
1268430.0,Deandrea,Pia,Hallwood,F,1971-02-11T05:00:00.000+0000,927-17-7941,90349,LONDON
1268431.0,Garnett,Brooke,Fieldstone,F,1994-10-26T04:00:00.000+0000,923-55-3871,83607,LONDON
1268432.0,Natalya,Kortney,Myrick,F,1990-05-16T04:00:00.000+0000,948-81-6409,35129,USA
1268433.0,Carleen,Tatyana,McSweeney,F,1961-05-01T04:00:00.000+0000,933-38-2270,90874,USA
1268434.0,Lu,Aileen,Beveridge,F,1976-04-21T05:00:00.000+0000,945-25-4820,88456,CANADA
1268435.0,Julia,Tabetha,Samuel,F,1976-03-04T05:00:00.000+0000,970-12-3205,58826,USA
1268436.0,Karma,Karyn,Sprason,F,1985-10-25T04:00:00.000+0000,937-77-3205,51812,CANADA
1268437.0,Theressa,Ali,Kohnen,F,1962-10-05T04:00:00.000+0000,933-79-8596,109827,CANADA
1268438.0,Myrl,Fumiko,Klaas,F,1956-08-20T04:00:00.000+0000,965-62-1382,66139,LONDON
1268439.0,Shaun,Rosina,Acland,F,1969-11-22T05:00:00.000+0000,666-69-6141,75654,LONDON
1268440.0,Pansy,Ciara,Hurch,F,1967-04-15T05:00:00.000+0000,936-90-6011,81997,CANADA
1268441.0,Felisa,Larita,Heffron,F,1965-03-19T05:00:00.000+0000,997-44-5435,76826,LONDON
1268442.0,Millicent,Maida,Bootes,F,1977-01-12T05:00:00.000+0000,942-55-8617,41341,USA
1268443.0,Selina,Regina,Rhys,F,1999-03-17T05:00:00.000+0000,965-76-6892,65114,CANADA
1268444.0,Eneida,Allyn,Ervine,F,1979-12-05T05:00:00.000+0000,968-89-8025,54008,USA
1268445.0,Shela,Kellee,Dumbelton,F,1965-03-07T05:00:00.000+0000,975-51-6905,74794,CANADA
1268446.0,Bev,Linda,Twiddle,F,1970-03-03T05:00:00.000+0000,901-83-8756,82209,LONDON
1268447.0,Elva,Carry,Sanham,F,1958-03-23T05:00:00.000+0000,917-40-5501,54458,USA
1268448.0,Robin,Estelle,Perri,F,1975-07-25T04:00:00.000+0000,956-39-7567,65664,USA
1268449.0,Chandra,Claudine,Linford,F,1972-07-18T04:00:00.000+0000,989-77-3378,80903,CANADA
1268450.0,Lanelle,Sondra,Berkelay,F,1967-11-23T05:00:00.000+0000,911-15-8953,138254,USA
1268451.0,Lexie,Janine,Tidman,F,1955-11-23T05:00:00.000+0000,901-26-9474,66600,USA
1268452.0,Emerald,Lorna,O'Scannill,F,1998-05-07T04:00:00.000+0000,992-51-5097,103627,CANADA
1268453.0,Dakota,Flavia,Blowne,F,1984-07-28T04:00:00.000+0000,959-46-6919,96103,LONDON
1268454.0,Berry,Delois,Sabin,F,1958-05-19T04:00:00.000+0000,986-22-3504,88570,LONDON
1268455.0,Joella,Christie,Pude,F,1984-08-29T04:00:00.000+0000,922-96-6509,69545,USA
1268456.0,Zetta,Magen,Bratten,F,1996-10-11T04:00:00.000+0000,920-41-1359,92200,LONDON
1268457.0,Ela,Savannah,Gossling,F,1985-03-02T05:00:00.000+0000,931-31-6161,82333,LONDON
1268458.0,Rosita,Charleen,Cubberley,F,1991-11-21T05:00:00.000+0000,938-65-7468,35234,USA
1268459.0,Danielle,Akiko,Curme,F,1986-02-05T05:00:00.000+0000,983-11-4332,75583,USA
1268460.0,Jerlene,Hanh,Beardmore,F,1978-03-06T05:00:00.000+0000,907-13-6049,32780,USA
1268461.0,Jacinta,Clorinda,Perfili,F,1972-07-28T04:00:00.000+0000,928-64-4125,71763,CANADA
1268462.0,Nerissa,Melodee,Cranmore,F,1966-06-17T04:00:00.000+0000,969-13-2691,72111,USA
1268463.0,Starla,Lavenia,MacAiline,F,1971-01-19T05:00:00.000+0000,922-36-9519,71302,LONDON
1268464.0,Sheryl,Kaycee,Belone,F,1990-11-30T05:00:00.000+0000,958-51-3033,73930,LONDON
1268465.0,Laree,Iraida,Tansey,F,1979-04-30T04:00:00.000+0000,996-37-6589,74846,CANADA
1268466.0,Yetta,Patty,Quant,F,1991-01-09T05:00:00.000+0000,666-35-2343,80804,USA
1268467.0,Jenni,Karissa,Eger,F,1969-12-14T05:00:00.000+0000,994-30-9131,51083,USA
1268468.0,Delana,Asley,Buret,F,1974-02-01T04:00:00.000+0000,949-14-4527,74568,USA
1268469.0,Danelle,Ivonne,Kropach,F,1954-06-07T04:00:00.000+0000,948-45-6002,86112,LONDON
1268470.0,Rebbecca,Magnolia,Bernhardsson,F,1967-03-04T05:00:00.000+0000,978-12-5180,55050,LONDON
1268471.0,Darci,Racquel,Fishpond,F,1957-01-31T05:00:00.000+0000,909-73-7029,66065,CANADA
1268472.0,Earlene,Pearly,Sterley,F,1956-12-19T05:00:00.000+0000,914-86-2680,53505,LONDON
1268473.0,Tanya,Deeann,Saw,F,1997-11-28T05:00:00.000+0000,974-76-8062,103660,CANADA
1268474.0,Verlie,Sherrie,Chaster,F,1980-06-23T04:00:00.000+0000,993-25-8308,93701,LONDON
1268475.0,Kandis,Tam,Allcroft,F,1990-04-30T04:00:00.000+0000,961-23-6459,15357,CANADA
1268476.0,Ayanna,Ariana,Timmens,F,1978-09-28T04:00:00.000+0000,972-27-1129,61424,LONDON
1268477.0,Teri,Lonna,Benzies,F,1953-05-02T04:00:00.000+0000,965-98-8862,99342,CANADA
1268478.0,Reena,Ilona,Diver,F,1989-04-21T04:00:00.000+0000,992-25-6508,97678,LONDON
1268479.0,Sharyn,Bernadine,Pither,F,1997-02-02T05:00:00.000+0000,938-64-8299,72171,CANADA
1268480.0,Ardell,Cheryle,Menchenton,F,1987-11-30T05:00:00.000+0000,978-51-9080,87325,LONDON
1268481.0,Susanne,Antonette,Windridge,F,1974-03-24T04:00:00.000+0000,953-81-7408,94217,CANADA
1268482.0,Delorse,Cammie,Montier,F,1984-05-29T04:00:00.000+0000,981-83-4240,100844,USA
1268483.0,Cleta,Nicola,Lavers,F,1979-02-05T05:00:00.000+0000,953-39-7439,71610,CANADA
1268484.0,Belen,Tennie,Annell,F,1997-10-29T05:00:00.000+0000,984-31-1802,36851,USA
1268485.0,Tori,Tasha,Stanyan,F,1988-03-24T05:00:00.000+0000,923-95-2976,79923,LONDON
1268486.0,Jen,Marya,Platts,F,1954-07-09T04:00:00.000+0000,926-66-4753,93036,USA
1268487.0,Delphine,Philomena,Brennand,F,1971-05-21T04:00:00.000+0000,968-70-9976,25330,LONDON
1268488.0,Charmain,Corinne,Powney,F,1976-01-02T05:00:00.000+0000,992-60-6930,82170,USA
1268489.0,Glady,Janett,Inde,F,1984-10-11T04:00:00.000+0000,909-78-4295,89252,LONDON
1268490.0,Maryjane,Loralee,Harling,F,1974-12-29T05:00:00.000+0000,967-35-3749,79510,USA
1268491.0,Lonnie,Dena,Walling,F,1977-04-11T05:00:00.000+0000,992-50-4370,71285,USA
1268492.0,Gisele,Lupe,Ellph,F,1985-09-09T04:00:00.000+0000,910-83-4622,123071,USA
1268493.0,Toni,Patrina,Burtonshaw,F,1992-07-02T04:00:00.000+0000,969-42-9407,70304,CANADA
1268494.0,Kimbery,Nova,Upward,F,1968-02-08T05:00:00.000+0000,996-38-7279,67348,CANADA
1268495.0,Marni,Sherill,Cadman,F,1979-01-17T05:00:00.000+0000,987-86-4875,59596,LONDON
1268496.0,Berniece,Julianne,Geany,F,1975-10-29T05:00:00.000+0000,971-74-2362,117328,USA
1268497.0,Theodora,Lavada,Mersh,F,1966-12-05T05:00:00.000+0000,995-51-8074,77240,USA
1268498.0,Lyla,Debby,Chattoe,F,1962-04-01T05:00:00.000+0000,992-69-1919,87819,USA
1268499.0,Renee,Marietta,Cadlock,F,1998-04-08T04:00:00.000+0000,932-19-4341,54375,CANADA
1268500.0,Shandi,Bethanie,Eccersley,F,1983-09-23T04:00:00.000+0000,917-19-9760,91030,USA
1268501.0,Kenyetta,Shery,Crees,F,1994-10-28T04:00:00.000+0000,985-23-5004,67288,LONDON
1268502.0,Ivelisse,Elinor,Covet,F,1969-07-24T04:00:00.000+0000,914-54-1461,57720,CANADA
1268503.0,Josphine,Mandy,Fibbitts,F,1962-11-07T05:00:00.000+0000,907-93-9587,91142,CANADA
1268504.0,Argentina,Leoma,Stellin,F,1970-10-08T04:00:00.000+0000,959-74-7604,52179,LONDON
1268505.0,Taryn,Syreeta,Schoales,F,1960-10-17T04:00:00.000+0000,947-74-4766,87631,USA
1268506.0,Mazie,Treva,Haily,F,1997-09-08T04:00:00.000+0000,920-38-4312,74996,CANADA
1268507.0,Leda,Marylynn,Smitham,F,1962-05-11T04:00:00.000+0000,929-55-1144,67659,LONDON
1268508.0,Marita,Keturah,Hunnisett,F,1983-01-28T05:00:00.000+0000,921-75-8427,92138,LONDON
1268509.0,Deja,Brigida,McGeachey,F,1987-08-10T04:00:00.000+0000,950-23-5094,62384,LONDON
1268510.0,Vickie,Lezlie,Alban,F,1973-04-07T05:00:00.000+0000,972-69-9415,33872,CANADA
1268511.0,Sallie,Easter,Maskell,F,1961-01-31T05:00:00.000+0000,976-27-5978,49342,LONDON
1268512.0,Leeann,Kiesha,Bellino,F,1981-11-03T05:00:00.000+0000,963-71-1223,98968,USA
1268513.0,Marilyn,Amparo,Gillogley,F,1984-07-26T04:00:00.000+0000,961-70-6746,64524,USA
1268514.0,Shira,Belle,Gammie,F,1973-01-30T05:00:00.000+0000,931-57-6289,56243,CANADA
1268515.0,Evelin,Leisha,Wimbridge,F,1985-03-24T05:00:00.000+0000,964-77-5905,63452,USA
1268516.0,Sylvia,Maudie,Manchester,F,1970-06-26T04:00:00.000+0000,962-81-3527,93419,CANADA
1268517.0,Jannette,Marcela,Islep,F,1978-09-12T04:00:00.000+0000,984-62-2176,95377,LONDON
1268518.0,Ardelle,Delores,Roath,F,1974-06-26T04:00:00.000+0000,923-30-5174,73871,LONDON
1268519.0,Allison,Domenica,Chadwyck,F,1959-08-10T04:00:00.000+0000,946-24-1382,56760,CANADA
1268520.0,Heather,Launa,Godin,F,1984-05-24T04:00:00.000+0000,962-43-3630,70169,LONDON
1268521.0,Iola,Bobby,Veelers,F,1997-02-07T05:00:00.000+0000,985-30-3888,71354,USA
1268522.0,Georgiana,Jaymie,Beckey,F,1974-06-10T04:00:00.000+0000,946-41-8732,86467,USA
1268523.0,Margorie,Ngoc,Nuss,F,1972-11-13T05:00:00.000+0000,996-19-5286,64546,USA
1268524.0,Yadira,Gia,Franzel,F,1970-05-04T04:00:00.000+0000,961-78-8037,67649,CANADA
1268525.0,Cathi,Kirstie,Snoddy,F,1958-02-08T05:00:00.000+0000,991-29-6199,81799,CANADA
1268526.0,Janey,Leena,Rain,F,1999-05-30T04:00:00.000+0000,978-31-2837,61935,LONDON
1268527.0,Deja,Charita,McSaul,F,1956-02-07T05:00:00.000+0000,908-60-2221,55794,LONDON
1268528.0,Delma,Lianne,Lamburn,F,1991-11-26T05:00:00.000+0000,987-87-6038,111654,USA
1268529.0,Nell,Mozell,Joontjes,F,1960-05-20T04:00:00.000+0000,935-45-3388,48810,CANADA
1268530.0,Laurette,Marge,Gudger,F,1981-03-11T05:00:00.000+0000,903-85-5498,112714,CANADA
1268531.0,Elwanda,Ofelia,Feely,F,1975-07-03T04:00:00.000+0000,900-18-6235,82240,LONDON
1268532.0,Kary,Rosaria,Workes,F,1980-03-27T05:00:00.000+0000,916-31-1819,83825,USA
1268533.0,Valene,Afton,Crangle,F,1981-12-22T05:00:00.000+0000,955-47-3824,23564,CANADA
1268534.0,Bobbie,Chan,Ivanaev,F,1954-07-04T04:00:00.000+0000,940-10-5448,87626,LONDON
1268535.0,Maxima,Vera,Mudge,F,1974-08-08T04:00:00.000+0000,946-97-8637,62833,CANADA
1268536.0,Shanita,Winona,Thornewell,F,1958-11-16T05:00:00.000+0000,986-83-5258,63828,LONDON
1268537.0,Janeen,Jaimie,Lassells,F,1999-12-05T05:00:00.000+0000,949-87-9189,39980,CANADA
1268538.0,Tiesha,Gwyneth,Thicking,F,1972-01-01T05:00:00.000+0000,908-87-9004,68431,CANADA
1268539.0,Mui,Torie,Wones,F,1983-03-27T05:00:00.000+0000,981-98-5352,55848,LONDON
1268540.0,Genoveva,Terica,Abrahmer,F,1991-07-21T04:00:00.000+0000,976-57-6698,111623,CANADA
1268541.0,Tosha,Dollie,Ornells,F,1952-09-02T04:00:00.000+0000,937-12-8979,98751,LONDON
1268542.0,Latasha,Esther,Ranahan,F,1979-12-20T05:00:00.000+0000,978-42-5735,110074,USA
1268543.0,June,Shirely,Younge,F,1999-05-18T04:00:00.000+0000,948-68-8262,59617,LONDON
1268544.0,Jessie,Bethanie,Deboo,F,1964-11-28T05:00:00.000+0000,950-54-8945,60694,LONDON
1268545.0,Roseline,Marivel,Gregolin,F,1974-07-14T04:00:00.000+0000,913-20-3098,90796,LONDON
1268546.0,Clementina,Mickie,Baggott,F,1972-05-08T04:00:00.000+0000,917-25-8111,103048,USA
1268547.0,Adriane,Karla,Tuminelli,F,1983-04-13T05:00:00.000+0000,948-98-5780,96146,CANADA
1268548.0,Sherri,Simona,Urien,F,1999-03-30T05:00:00.000+0000,909-62-4277,87284,USA
1268549.0,Jeanelle,Ghislaine,Farquharson,F,1976-08-15T04:00:00.000+0000,920-55-4563,62253,LONDON
1268550.0,Shakita,Marcella,Wort,F,1978-11-25T05:00:00.000+0000,921-32-6119,61357,LONDON
1268551.0,Skye,Lupe,Chilcott,F,1957-06-09T04:00:00.000+0000,916-60-2553,66450,USA
1268552.0,Suzie,Valerie,Cristofolini,F,1967-10-02T04:00:00.000+0000,995-64-6958,72975,LONDON
1268553.0,Natalya,Coralee,McKevitt,F,1960-05-23T04:00:00.000+0000,998-89-6057,89488,LONDON
1268554.0,Suellen,Brook,Carlile,F,1997-06-03T04:00:00.000+0000,911-10-6990,82268,CANADA
1268555.0,Laticia,Shemika,Gooderson,F,1977-06-02T04:00:00.000+0000,914-15-2411,59679,USA
1268556.0,Tandra,Dagmar,Tamlett,F,1973-05-17T04:00:00.000+0000,906-20-1168,70995,LONDON
1268557.0,Antonetta,Claudette,Tottle,F,1967-04-25T05:00:00.000+0000,915-67-6705,79552,CANADA
1268558.0,Shakira,Ivey,Houldey,F,1996-02-06T05:00:00.000+0000,976-61-4030,90018,CANADA
1268559.0,Arianne,Edda,Freeborn,F,1970-04-24T05:00:00.000+0000,958-17-1426,59975,CANADA
1268560.0,Emmaline,Prudence,Morgans,F,1971-07-20T04:00:00.000+0000,972-13-6178,66608,CANADA
1268561.0,Sabine,Arden,Larsen,F,1952-08-23T04:00:00.000+0000,906-41-7846,95688,CANADA
1268562.0,Nichelle,Birdie,Speedy,F,1961-01-15T05:00:00.000+0000,923-47-7435,86137,LONDON
1268563.0,Savanna,Audria,Rosenblum,F,1980-02-17T05:00:00.000+0000,968-34-4370,130434,LONDON
1268564.0,Penney,Kia,Dabney,F,1952-10-30T05:00:00.000+0000,963-94-5506,69858,LONDON
1268565.0,Keisha,Larhonda,Killock,F,1983-03-04T05:00:00.000+0000,928-45-3900,119306,CANADA
1268566.0,Kimberely,Dodie,Bruckenthal,F,1974-07-24T04:00:00.000+0000,969-44-9343,102837,USA
1268567.0,Gabriella,Lulu,Heggs,F,1956-06-28T04:00:00.000+0000,914-91-5869,60074,LONDON
1268568.0,Valery,Penny,Iron,F,1958-12-25T05:00:00.000+0000,966-30-2308,88101,USA
1268569.0,Kelli,Verla,Lanaway,F,1975-08-20T04:00:00.000+0000,955-67-6062,74047,USA
1268570.0,Clelia,Althea,Constable,F,1964-03-11T05:00:00.000+0000,901-28-1877,75417,CANADA
1268571.0,Cathey,Britt,Saunper,F,1968-01-26T05:00:00.000+0000,972-59-6928,62194,CANADA
1268572.0,Josefina,Kasie,Heddy,F,1991-09-26T04:00:00.000+0000,993-34-1329,84702,USA
1268573.0,Karin,Queenie,Garred,F,1983-04-03T05:00:00.000+0000,988-91-5840,85977,LONDON
1268574.0,Tabetha,Julie,Bullan,F,1979-03-10T05:00:00.000+0000,986-90-3551,59353,CANADA
1268575.0,Tana,Sharie,Greenaway,F,1990-04-23T04:00:00.000+0000,934-46-3016,71841,CANADA
1268576.0,Arie,Lenore,Tysack,F,1981-10-12T04:00:00.000+0000,920-41-9100,93813,USA
1268577.0,Eladia,Dimple,Lyal,F,1969-10-23T04:00:00.000+0000,943-86-6958,116902,LONDON
1268578.0,Pennie,Pennie,Di Lucia,F,1959-04-03T05:00:00.000+0000,949-39-3263,56191,LONDON
1268579.0,Kathyrn,Alethea,Spraging,F,1961-04-22T05:00:00.000+0000,988-14-4550,80371,CANADA
1268580.0,Lillie,Maragaret,Shilston,F,1964-04-30T04:00:00.000+0000,934-18-6528,79514,LONDON
1268581.0,Kerri,Ashlyn,Maha,F,1974-08-23T04:00:00.000+0000,955-80-8691,45967,CANADA
1268582.0,Magen,Merry,Kernar,F,1997-11-19T05:00:00.000+0000,962-12-4776,67771,CANADA
1268583.0,Clair,Akiko,Skaife d'Ingerthorpe,F,1979-08-21T04:00:00.000+0000,986-82-3613,52177,USA
1268584.0,Nadia,Annamarie,Redhead,F,1975-01-13T05:00:00.000+0000,992-37-1887,88686,CANADA
1268585.0,Maureen,Gale,Tibald,F,1952-05-07T04:00:00.000+0000,982-14-3999,93435,CANADA
1268586.0,Marge,Lesli,Coolson,F,1961-01-26T05:00:00.000+0000,905-32-1217,47807,LONDON
1268587.0,Athena,Kim,Asbury,F,1986-11-09T05:00:00.000+0000,901-36-8238,77612,CANADA
1268588.0,Luella,Gerda,Benezeit,F,1952-11-20T05:00:00.000+0000,976-89-9072,44719,USA
1268589.0,Velma,Bridgette,Reese,F,1981-11-16T05:00:00.000+0000,968-50-3215,65195,USA
1268590.0,Nila,Davina,Slimings,F,1954-04-18T05:00:00.000+0000,970-78-1219,88964,USA
1268591.0,Kary,Patria,Lakey,F,1952-07-21T04:00:00.000+0000,947-58-6220,23973,USA
1268592.0,Karma,Rosann,Kydd,F,1987-06-24T04:00:00.000+0000,951-28-5091,65554,USA
1268593.0,Lovetta,Melita,Berntssen,F,1981-06-30T04:00:00.000+0000,944-58-4846,92440,USA
1268594.0,Sonya,Merna,Cammocke,F,1989-06-05T04:00:00.000+0000,972-27-7343,46577,LONDON
1268595.0,Janay,Una,Ganniclifft,F,1972-08-08T04:00:00.000+0000,994-35-1598,88246,LONDON
1268596.0,Nona,Leonarda,Conachie,F,1957-06-20T04:00:00.000+0000,982-25-2253,86832,CANADA
1268597.0,Providencia,Dannielle,Accomb,F,1978-10-24T04:00:00.000+0000,974-33-9471,67202,LONDON
1268598.0,Devora,Olga,Clift,F,1976-01-30T05:00:00.000+0000,997-22-4176,63176,USA
1268599.0,Eve,Madalene,Burne,F,1992-11-03T05:00:00.000+0000,666-10-2558,39982,USA
1268600.0,Karol,Spring,Delort,F,1964-09-10T04:00:00.000+0000,956-39-1033,48567,LONDON
1268601.0,Dena,Chantelle,Scoggin,F,1956-11-17T05:00:00.000+0000,913-84-3483,99830,CANADA
1268602.0,Christia,Estefana,Casey,F,1955-11-18T05:00:00.000+0000,935-68-6678,97354,LONDON
1268603.0,Nicki,Alyse,Kelner,F,1975-12-21T05:00:00.000+0000,973-46-1438,89544,USA
1268604.0,Clemmie,Sharilyn,Bartalin,F,1956-04-11T05:00:00.000+0000,966-97-9620,76977,USA
1268605.0,Karolyn,Ariel,Epps,F,1958-01-22T05:00:00.000+0000,916-83-3504,52327,CANADA
1268606.0,Anabel,Linnea,Jiras,F,1984-10-22T04:00:00.000+0000,942-95-5497,77601,CANADA
1268607.0,Cherie,Starla,Alessandrelli,F,1958-06-12T04:00:00.000+0000,905-54-2127,95037,CANADA
1268608.0,Wendi,Eleanore,Di Dello,F,1990-05-30T04:00:00.000+0000,972-93-7590,56253,USA
1268609.0,Jerica,Arlyne,Pacht,F,1957-01-15T05:00:00.000+0000,950-75-2912,88223,LONDON
1268610.0,Vicenta,Argentina,Dryburgh,F,1988-06-29T04:00:00.000+0000,952-79-7700,95835,USA
1268611.0,Angelena,Petrina,Reiner,F,1968-12-21T05:00:00.000+0000,907-23-4857,33156,CANADA
1268612.0,Alison,Annmarie,Salman,F,1957-08-01T04:00:00.000+0000,936-88-8371,69243,CANADA
1268613.0,Teresa,Telma,MacArd,F,1997-07-02T04:00:00.000+0000,958-94-2625,53112,LONDON
1268614.0,Genesis,Jeanette,Hawkings,F,1965-10-19T04:00:00.000+0000,919-18-7018,42032,LONDON
1268615.0,Nicky,Temple,Exell,F,1987-06-07T04:00:00.000+0000,950-49-9695,73014,CANADA
1268616.0,Julee,Onie,Eixenberger,F,1978-09-05T04:00:00.000+0000,960-64-2006,48681,USA
1268617.0,Lia,Latoyia,Waplington,F,1979-04-08T05:00:00.000+0000,960-95-6137,66296,CANADA
1268618.0,Danyel,Ardis,Winchcum,F,1966-04-23T05:00:00.000+0000,986-26-7076,36994,CANADA
1268619.0,Marylee,Adriene,Loveless,F,1991-01-06T05:00:00.000+0000,938-75-7842,57165,CANADA
1268620.0,Kristyn,Karole,Cawthron,F,1969-08-03T04:00:00.000+0000,950-18-3569,62603,LONDON
1268621.0,Ilene,Dolores,Isac,F,1979-03-08T05:00:00.000+0000,912-80-5814,72271,CANADA
1268622.0,Luise,Marissa,Coite,F,1980-08-01T04:00:00.000+0000,901-23-5448,97830,CANADA
1268623.0,Marielle,Terica,Kohnert,F,1985-03-10T05:00:00.000+0000,999-18-7920,77451,CANADA
1268624.0,Casandra,Darlena,Lamplough,F,1996-05-02T04:00:00.000+0000,983-72-2840,60096,CANADA
1268625.0,Valarie,Julianne,Renshell,F,1978-05-09T04:00:00.000+0000,969-85-7149,61473,CANADA
1268626.0,Latonya,Gina,Liell,F,1958-08-08T04:00:00.000+0000,972-36-2813,57335,CANADA
1268627.0,Chanda,Marlana,Clarey,F,1974-10-05T04:00:00.000+0000,956-22-3773,43375,CANADA
1268628.0,Sophie,Ilse,Trodden,F,1956-07-21T04:00:00.000+0000,940-56-2532,61737,CANADA
1268629.0,Cleora,Wendie,Yanov,F,1974-04-09T04:00:00.000+0000,952-77-9997,32407,LONDON
1268630.0,Alyson,Yadira,Baudet,F,1991-04-05T05:00:00.000+0000,900-83-4667,78222,USA
1268631.0,Ruby,Elsy,Mayell,F,1988-09-27T04:00:00.000+0000,960-51-7266,59002,USA
1268632.0,Brittney,Marylin,Saller,F,1971-02-01T05:00:00.000+0000,970-77-4473,43801,USA
1268633.0,Naoma,Theresia,Riddel,F,1976-07-16T04:00:00.000+0000,979-63-6340,101539,USA
1268634.0,Tisha,Tijuana,Tran,F,1992-06-28T04:00:00.000+0000,943-55-5275,65049,USA
1268635.0,Teena,Annalee,Gilder,F,1978-10-13T04:00:00.000+0000,971-18-6317,59117,LONDON
1268636.0,Mona,Dwana,Labba,F,1969-03-24T05:00:00.000+0000,923-82-2058,56508,CANADA
1268637.0,Shawn,Catarina,Rundle,F,1993-02-02T05:00:00.000+0000,925-97-3167,100221,USA
1268638.0,Krishna,Shelby,Ridgeway,F,1970-03-20T05:00:00.000+0000,903-11-1891,64764,USA
1268639.0,Brandi,Jamee,Terron,F,1998-08-30T04:00:00.000+0000,960-89-6338,88929,USA
1268640.0,Sulema,Johnnie,Kerkham,F,1990-06-18T04:00:00.000+0000,979-90-8929,52786,CANADA
1268641.0,Christen,Darline,Graal,F,1967-04-05T05:00:00.000+0000,900-43-6189,93421,CANADA
1268642.0,Zona,Elsy,Urch,F,1958-06-19T04:00:00.000+0000,973-44-9216,72866,CANADA
1268643.0,Carina,Cristy,Snawdon,F,1984-06-15T04:00:00.000+0000,970-13-7639,86064,USA
1268644.0,Merlene,Grayce,Brownhill,F,1998-09-30T04:00:00.000+0000,976-84-5232,76622,CANADA
1268645.0,Narcisa,Babette,Minto,F,1957-07-25T04:00:00.000+0000,908-63-7220,108840,CANADA
1268646.0,Yevette,Allyson,Hammersley,F,1961-04-07T05:00:00.000+0000,666-78-5554,82137,USA
1268647.0,Maxie,Violeta,Chubb,F,1977-11-09T05:00:00.000+0000,986-58-3229,74755,CANADA
1268648.0,Joyce,Delois,Wormstone,F,1987-05-10T04:00:00.000+0000,944-20-2809,38836,USA
1268649.0,Noriko,Christel,Newbery,F,1976-03-08T05:00:00.000+0000,945-21-2259,60389,CANADA
1268650.0,Louisa,Geri,Scotsbrook,F,1955-04-12T05:00:00.000+0000,951-96-6070,88458,USA
1268651.0,Fabiola,Daphine,Webland,F,1976-12-29T05:00:00.000+0000,937-73-3877,99565,CANADA
1268652.0,Yoshie,Sharyn,Barnsdall,F,1954-03-16T05:00:00.000+0000,995-30-1808,57165,CANADA
1268653.0,Bette,Catherin,Hyatt,F,1996-11-06T05:00:00.000+0000,981-89-2951,53785,CANADA
1268654.0,Lakita,Victorina,Millichap,F,1997-02-09T05:00:00.000+0000,998-55-1740,57772,LONDON
1268655.0,Margart,Rosette,Cuppleditch,F,1955-09-06T04:00:00.000+0000,910-47-5136,98151,CANADA
1268656.0,Sherri,Grace,Yoseloff,F,2000-01-24T05:00:00.000+0000,918-49-7965,39202,LONDON
1268657.0,Eden,Cinthia,Blofield,F,1975-08-08T04:00:00.000+0000,983-62-4604,75925,LONDON
1268658.0,Alpha,Zandra,Blamphin,F,1969-02-21T05:00:00.000+0000,952-16-5690,73198,USA
1268659.0,Evelin,Joella,Peetermann,F,1964-12-24T05:00:00.000+0000,925-71-8201,61402,LONDON
1268660.0,Blanca,Joan,Banaszczyk,F,1972-09-18T04:00:00.000+0000,980-15-2575,87874,CANADA
1268661.0,Suzanna,Sheena,Lowdeane,F,1954-04-10T05:00:00.000+0000,922-86-8453,91222,LONDON
1268662.0,Maryann,Lakia,Dobbison,F,1970-03-08T05:00:00.000+0000,973-66-2934,110415,USA
1268663.0,Jeanetta,Cherri,Dowsing,F,1973-04-18T05:00:00.000+0000,919-28-2859,59214,CANADA
1268664.0,Evelyn,Mollie,Tait,F,1988-09-10T04:00:00.000+0000,941-95-9146,67214,LONDON
1268665.0,Yuki,Loni,Tappor,F,1981-12-06T05:00:00.000+0000,917-76-1322,79959,LONDON
1268666.0,Sha,Candace,Kybbye,F,1981-02-14T05:00:00.000+0000,917-54-1943,113558,CANADA
1268667.0,Rita,Zaida,Klambt,F,1971-03-01T05:00:00.000+0000,930-48-3439,55130,USA
1268668.0,Arnita,Krysta,Wateridge,F,1976-09-27T04:00:00.000+0000,990-16-6451,70790,USA
1268669.0,Orpha,Maida,Alsford,F,1972-08-07T04:00:00.000+0000,969-15-3252,73364,LONDON
1268670.0,Inell,Clora,Ouldcott,F,1977-02-03T05:00:00.000+0000,930-38-2458,93306,LONDON
1268671.0,Karol,Lila,Gutch,F,1959-06-20T04:00:00.000+0000,989-67-8269,59829,LONDON
1268672.0,Miyoko,Antoinette,Ainscow,F,1961-08-04T04:00:00.000+0000,928-21-8968,102819,LONDON
1268673.0,Sina,Marin,Chapier,F,1979-02-07T05:00:00.000+0000,991-51-4390,96645,LONDON
1268674.0,Shaunta,Amy,Chetwin,F,1974-10-03T04:00:00.000+0000,942-50-1718,63122,USA
1268675.0,Emerita,Simone,Raulston,F,1972-03-15T05:00:00.000+0000,910-89-6557,67490,USA
1268676.0,Jacquelyne,Penni,Smallwood,F,1986-11-01T05:00:00.000+0000,903-20-6153,41507,USA
1268677.0,Marquitta,Tawnya,Scammell,F,1987-09-18T04:00:00.000+0000,933-15-3709,60004,LONDON
1268678.0,Mana,Spring,"Messer,",F,1978-03-09T05:00:00.000+0000,973-37-9061,57679,LONDON
1268679.0,Lanie,Barrie,Weigh,F,1973-11-20T05:00:00.000+0000,958-57-1368,75214,USA
1268680.0,Nakia,Alejandra,Earsman,F,1971-12-12T05:00:00.000+0000,924-57-6976,85392,LONDON
1268681.0,Kayce,Whitley,Lowdes,F,1963-05-14T04:00:00.000+0000,944-14-8094,76805,CANADA
1268682.0,Ailene,Leonor,Yates,F,1984-02-08T05:00:00.000+0000,981-86-7238,69031,LONDON
1268683.0,Michell,Joie,McKay,F,1986-05-07T04:00:00.000+0000,942-27-7573,98979,LONDON
1268684.0,Ghislaine,Elfreda,Goss,F,1981-04-22T05:00:00.000+0000,989-13-5415,83884,USA
1268685.0,Brynn,Vivian,Godart,F,1991-01-16T05:00:00.000+0000,942-38-2589,71977,LONDON
1268686.0,Brook,Chris,Brandino,F,1996-10-27T04:00:00.000+0000,946-37-8236,81097,LONDON
1268687.0,Helena,Cleta,Werlock,F,1998-08-01T04:00:00.000+0000,992-70-9346,63073,USA
1268688.0,Hildred,Halina,Blouet,F,1999-10-30T04:00:00.000+0000,906-71-1479,86951,CANADA
1268689.0,Jannette,Kathlyn,Tidridge,F,1957-05-04T04:00:00.000+0000,972-31-9137,93750,LONDON
1268690.0,Laila,Juliane,Joderli,F,1973-11-11T05:00:00.000+0000,974-25-2229,76538,USA
1268691.0,Delphia,Lois,Haythornthwaite,F,1995-01-30T05:00:00.000+0000,995-68-6188,91320,USA
1268692.0,Oleta,Dedra,Boyle,F,1968-04-06T05:00:00.000+0000,987-80-2376,75333,USA
1268693.0,Regine,Viki,Sirmon,F,1992-09-16T04:00:00.000+0000,935-19-2034,66687,USA
1268694.0,Teresa,Amparo,Du Plantier,F,1980-02-14T05:00:00.000+0000,954-42-3651,60836,LONDON
1268695.0,Bernetta,Aleen,Stobo,F,1995-09-16T04:00:00.000+0000,939-39-6068,69474,LONDON
1268696.0,Cecile,Tarah,Fishbourne,F,1968-07-20T04:00:00.000+0000,925-46-1616,103380,USA
1268697.0,Carolyn,Regenia,Kenewell,F,1990-11-24T05:00:00.000+0000,932-69-2339,85715,LONDON
1268698.0,Kyung,Katherin,Subhan,F,1983-02-15T05:00:00.000+0000,979-16-7921,39146,USA
1268699.0,Armida,Clarine,Tokell,F,1954-04-22T05:00:00.000+0000,964-77-9399,70542,CANADA
1268700.0,Eusebia,Tiny,Castle,F,1983-01-02T05:00:00.000+0000,960-91-8526,70981,LONDON
1268701.0,Layne,Natosha,Camelli,F,1975-08-01T04:00:00.000+0000,990-95-8400,82405,CANADA
1268702.0,Franchesca,Carol,Thireau,F,1986-12-10T05:00:00.000+0000,925-50-1179,94489,CANADA
1268703.0,Sierra,Dusti,Milroy,F,1970-02-24T05:00:00.000+0000,908-97-1827,116022,CANADA
1268704.0,Kelli,Tarra,Wince,F,1993-10-11T04:00:00.000+0000,957-94-2170,84713,USA
1268705.0,Jaimie,Chrissy,Cullin,F,1961-08-21T04:00:00.000+0000,952-32-8058,79421,CANADA
1268706.0,Eugene,Shelba,Oakeby,F,1961-04-26T05:00:00.000+0000,913-45-1511,68334,LONDON
1268707.0,Corrin,Earlie,Yemm,F,1995-04-16T04:00:00.000+0000,934-88-5997,71673,LONDON
1268708.0,Keren,Lavette,Dalglish,F,1986-06-27T04:00:00.000+0000,962-31-5078,77953,CANADA
1268709.0,Deneen,Shawana,Sharpin,F,1979-03-12T05:00:00.000+0000,937-31-8253,90818,LONDON
1268710.0,Fredia,Krista,Ghidoli,F,1981-04-02T05:00:00.000+0000,941-52-7485,81741,USA
1268711.0,Coretta,Jacqui,Vassall,F,1974-08-14T04:00:00.000+0000,946-22-9277,108308,CANADA
1268712.0,Teodora,Terina,Stones,F,1988-03-20T05:00:00.000+0000,921-11-9807,68786,USA
1268713.0,Carin,Angle,Jessel,F,1980-07-07T04:00:00.000+0000,919-53-4455,106583,LONDON
1268714.0,Angeles,Ema,McGuane,F,1954-02-10T05:00:00.000+0000,994-25-5174,116551,USA
1268715.0,Amee,Kirstin,Tattam,F,1967-02-02T05:00:00.000+0000,959-87-9610,68311,CANADA
1268716.0,Romelia,Candelaria,Pinyon,F,1956-02-14T05:00:00.000+0000,999-37-7773,70561,CANADA
1268717.0,Mozell,Kyoko,Bunning,F,1981-04-23T05:00:00.000+0000,970-75-9056,67777,CANADA
1268718.0,Leeanna,Sumiko,Cunah,F,1981-12-14T05:00:00.000+0000,954-45-2903,72399,LONDON
1268719.0,Marisol,Lien,Flintoft,F,1997-07-30T04:00:00.000+0000,960-38-3325,64044,CANADA
1268720.0,Lucy,Cindy,Jiggens,F,1959-06-23T04:00:00.000+0000,960-59-5017,55940,CANADA
1268721.0,Phung,Shirleen,Tax,F,1970-02-04T05:00:00.000+0000,970-75-4611,70813,USA
1268722.0,Tressie,Kanisha,Pawden,F,1965-07-11T04:00:00.000+0000,935-98-9227,49263,USA
1268723.0,Jaye,Fannie,Vedenichev,F,1963-11-01T05:00:00.000+0000,908-85-4055,70297,LONDON
1268724.0,Lili,Eulalia,Denslow,F,1965-03-13T05:00:00.000+0000,954-68-9117,36287,LONDON
1268725.0,Kary,Livia,Raulston,F,1961-06-24T04:00:00.000+0000,939-56-5300,43043,CANADA
1268726.0,Myrle,Jenell,Quig,F,1973-06-19T04:00:00.000+0000,666-91-3456,81142,USA
1268727.0,Chau,Shelly,Marvell,F,1986-03-07T05:00:00.000+0000,945-68-6631,95723,USA
1268728.0,Janis,Keira,Hutable,F,1956-10-30T05:00:00.000+0000,999-62-9055,72270,LONDON
1268729.0,Corie,Lelah,Swash,F,1961-10-26T04:00:00.000+0000,937-22-1672,49449,CANADA
1268730.0,Veda,Angeline,Comini,F,1964-01-11T05:00:00.000+0000,976-66-4578,35575,CANADA
1268731.0,Ardith,Janita,Kernoghan,F,1999-09-01T04:00:00.000+0000,931-52-6949,57724,CANADA
1268732.0,Glayds,Jacquelyne,Antonikov,F,1959-07-02T04:00:00.000+0000,963-65-8474,74511,CANADA
1268733.0,Suellen,Allan,Adshad,M,1969-10-11T04:00:00.000+0000,916-35-5912,61155,CANADA
1268734.0,Laurette,Tal,Beaze,M,1979-01-21T05:00:00.000+0000,928-80-8009,96324,LONDON
1268735.0,Renna,Brit,Latey,M,1963-04-01T05:00:00.000+0000,964-98-1509,103712,LONDON
1268736.0,Laila,Lou,Doige,F,1964-04-01T05:00:00.000+0000,943-70-4764,56044,USA
1268737.0,Carla,Kar,Gleasane,M,1954-05-15T04:00:00.000+0000,948-55-6095,67648,CANADA
1268738.0,Willette,Consuela,Pether,F,1991-10-09T04:00:00.000+0000,955-56-9170,88469,LONDON
1268739.0,Marisa,Shondra,Simonassi,F,1968-05-21T04:00:00.000+0000,988-45-1354,83832,LONDON
1268740.0,Monnie,Amelia,Schuelcke,F,1998-07-10T04:00:00.000+0000,987-78-7854,103767,CANADA
1268741.0,Nila,Jina,Aaronson,F,1983-05-15T04:00:00.000+0000,901-10-4672,47824,LONDON
1268742.0,Elina,Marcene,Giffon,F,1958-12-17T05:00:00.000+0000,938-11-3308,94267,USA
1268743.0,Thersa,Elsy,Blas,M,1996-11-16T05:00:00.000+0000,918-92-5986,45873,USA
1268744.0,Johna,Aline,Tatnell,F,1955-06-10T04:00:00.000+0000,994-20-4790,50951,LONDON
1268745.0,Venus,Sharice,Southam,F,1983-11-06T05:00:00.000+0000,923-47-7511,71622,LONDON
1268746.0,Leonila,Larraine,O'Shields,F,1979-02-21T05:00:00.000+0000,990-38-5723,51951,CANADA
1268747.0,Dotty,Mira,Cavin,M,1952-11-23T05:00:00.000+0000,961-34-4098,82533,LONDON
1268748.0,Kimber,Emilee,Hell,M,1962-01-01T05:00:00.000+0000,907-57-4315,95262,LONDON
1268749.0,Hang,Cherry,Jack,M,1962-08-27T04:00:00.000+0000,973-88-8476,48007,USA
1268750.0,Linsey,Joy,Boother,M,1990-02-10T05:00:00.000+0000,989-17-7545,109190,LONDON
,Tammana,Shawana,Sturman,F,1986-01-08T05:00:00.000+0000,966-64-8851,105626,CANADA
,Lashaunda,Alex,Sturman,M,1986-01-08T05:00:00.000+0000,966-64-8851,105626,CANADA
